user_id,first_medium,sessions_before_purchase,visits_before_purchase,median_duration_minutes,median_events,median_hours_between_visits,first_purchase_quantity,first_purchase_revenue_usd,first_purchase_date
U00001,referral,5,2,14,72,19,1,20.13,2021-03-15
U00002,organic,3,1,28,125,23,3,50.59,2021-03-08
U00003,<Other>,3,1,44,61,9,1,65.93,2021-01-22
U00004,organic,4,3,6,37,8,3,27.51,2021-03-25
U00005,(direct),3,1,24,25,6,4,51.97,2021-01-02
U00006,organic,4,2,21,151,2,2,38.86,2021-01-08
U00007,<Other>,3,2,37,116,11,4,70.29,2021-02-10
U00008,(direct),1,2,18,72,2,2,26.02,2021-03-30
U00009,(direct),1,2,36,40,4,1,70.87,2021-01-11
U00010,<Other>,1,1,41,118,6,1,56.65,2021-01-24
U00011,organic,1,3,28,103,11,2,75.17,2021-01-26
U00012,organic,2,1,24,150,22,1,76.14,2021-02-04
U00013,cpc,5,2,10,39,16,4,68.53,2021-01-05
U00014,<Other>,1,1,37,23,13,1,51.81,2021-01-15
U00015,organic,2,3,32,94,2,2,28.55,2021-01-14
U00016,(direct),4,3,15,34,0,3,33.53,2021-02-06
U00017,referral,3,3,40,76,21,1,45.07,2021-01-18
U00018,organic,3,3,24,46,22,1,63.74,2021-03-17
U00019,organic,2,3,10,39,17,4,52.69,2021-03-08
U00020,organic,3,1,12,127,13,2,46.3,2021-02-15
U00021,organic,1,3,23,98,12,4,48.65,2021-03-09
U00022,cpc,3,3,19,153,11,3,64.49,2021-02-26
U00023,organic,1,2,26,37,4,3,22.06,2021-02-09
U00024,referral,1,3,6,105,2,1,46.56,2021-03-31
U00025,cpc,3,1,32,68,13,1,54.36,2021-03-26
U00026,<Other>,2,2,40,30,6,3,55.32,2021-02-14
U00027,referral,4,1,40,54,6,1,57.12,2021-01-16
U00028,referral,2,2,22,74,16,3,23.21,2021-03-03
U00029,(direct),5,3,16,114,5,4,53.48,2021-01-23
U00030,organic,5,1,23,47,14,4,53.03,2021-03-29
U00031,organic,1,2,30,107,18,4,71.29,2021-03-14
U00032,<Other>,1,1,29,128,14,4,65.6,2021-03-24
U00033,organic,2,2,32,43,6,1,21.87,2021-02-20
U00034,organic,2,3,19,135,4,1,53.35,2021-01-01
U00035,organic,1,1,14,35,14,2,61.46,2021-03-18
U00036,organic,4,1,43,131,19,3,54.81,2021-02-14
U00037,cpc,4,1,38,92,12,3,60.58,2021-01-04
U00038,organic,5,3,17,69,6,1,27.0,2021-02-24
U00039,referral,4,3,20,130,12,2,30.15,2021-03-30
U00040,<Other>,3,2,44,32,12,4,54.96,2021-01-10
U00041,cpc,1,1,35,90,12,3,68.04,2021-03-28
U00042,referral,2,2,5,54,22,4,21.56,2021-01-30
U00043,organic,1,2,27,43,7,1,46.17,2021-01-14
U00044,organic,3,3,18,58,4,1,79.52,2021-01-30
U00045,organic,4,1,43,145,3,2,65.94,2021-01-05
U00046,referral,1,3,34,24,16,4,47.01,2021-01-15
U00047,referral,3,1,24,95,19,3,25.88,2021-01-17
U00048,referral,4,2,29,123,13,3,41.55,2021-02-17
U00049,<Other>,5,3,15,153,10,1,29.27,2021-03-17
U00050,organic,5,3,30,101,9,1,75.25,2021-01-25
U00051,organic,5,1,25,26,0,4,61.14,2021-01-19
U00052,referral,3,2,9,34,6,2,71.34,2021-02-28
U00053,referral,3,3,11,92,5,4,73.85,2021-02-22
U00054,organic,2,2,16,39,6,4,56.41,2021-03-28
U00055,organic,2,3,6,78,23,3,20.4,2021-02-08
U00056,<Other>,5,3,43,23,14,3,53.36,2021-01-05
U00057,referral,1,3,25,125,5,2,68.15,2021-02-09
U00058,organic,4,2,36,59,17,3,38.87,2021-03-26
U00059,(direct),2,2,9,84,1,2,75.67,2021-02-27
U00060,organic,4,2,31,54,8,3,79.81,2021-03-19
U00061,(direct),1,2,35,63,5,2,52.96,2021-01-06
U00062,organic,5,2,16,26,21,2,51.87,2021-01-19
U00063,referral,4,2,40,42,16,1,59.31,2021-03-09
U00064,referral,5,2,25,84,23,4,53.98,2021-01-24
U00065,referral,4,1,23,107,10,4,29.63,2021-03-31
U00066,organic,1,2,7,39,23,4,36.27,2021-01-19
U00067,referral,2,2,21,51,3,3,32.11,2021-02-28
U00068,organic,3,1,34,116,6,1,24.33,2021-03-02
U00069,organic,5,1,40,116,14,2,28.42,2021-02-01
U00070,organic,2,2,13,88,16,2,78.34,2021-02-14
U00071,referral,4,2,38,101,11,2,53.3,2021-02-04
U00072,organic,2,2,33,28,12,3,27.55,2021-02-23
U00073,organic,3,1,14,61,20,4,62.79,2021-01-02
U00074,organic,5,3,13,146,12,1,48.61,2021-03-15
U00075,organic,5,3,44,129,7,2,33.48,2021-02-14
U00076,referral,2,3,15,151,6,3,76.61,2021-02-02
U00077,referral,1,3,23,91,3,2,33.47,2021-01-23
U00078,organic,4,3,26,91,2,2,25.86,2021-02-05
U00079,(direct),2,2,26,143,16,2,32.35,2021-03-10
U00080,referral,1,3,20,42,15,2,74.72,2021-03-26
U00081,<Other>,5,2,21,126,18,1,71.47,2021-03-21
U00082,referral,4,1,44,117,1,2,73.66,2021-03-12
U00083,organic,5,1,11,70,20,2,74.97,2021-01-09
U00084,referral,3,3,35,142,13,1,24.65,2021-03-29
U00085,organic,1,1,8,69,15,1,62.68,2021-02-18
U00086,referral,3,2,33,102,16,2,59.87,2021-01-26
U00087,(direct),3,3,11,44,3,1,79.57,2021-01-27
U00088,organic,3,3,34,58,7,4,62.88,2021-02-10
U00089,organic,1,2,7,87,8,1,67.52,2021-03-24
U00090,organic,4,2,29,91,15,4,62.9,2021-03-13
U00091,referral,5,2,38,138,15,1,57.23,2021-01-06
U00092,cpc,4,3,37,125,16,1,53.18,2021-03-24
U00093,organic,4,1,35,32,2,2,78.16,2021-03-28
U00094,organic,4,1,28,55,21,3,76.18,2021-03-07
U00095,referral,5,1,42,139,20,3,46.27,2021-03-02
U00096,referral,5,1,8,128,16,2,37.05,2021-03-08
U00097,referral,1,3,14,143,17,3,50.54,2021-03-07
U00098,referral,2,2,29,38,17,4,64.77,2021-03-18
U00099,cpc,5,1,41,56,22,4,44.06,2021-02-12
U00100,organic,5,3,5,120,5,1,52.23,2021-01-25
U00101,organic,2,3,21,104,5,3,37.92,2021-03-03
U00102,referral,5,1,11,58,0,2,45.66,2021-01-13
U00103,cpc,4,2,18,61,15,4,77.44,2021-03-24
U00104,organic,5,2,5,72,16,3,32.89,2021-01-24
U00105,organic,1,3,10,69,3,2,79.32,2021-02-28
U00106,<Other>,5,2,43,124,15,3,32.93,2021-03-18
U00107,organic,2,3,14,126,21,1,39.15,2021-02-07
U00108,(direct),4,2,25,149,21,1,25.23,2021-01-08
U00109,(direct),2,1,7,37,20,1,65.13,2021-02-27
U00110,cpc,5,2,23,79,19,4,21.06,2021-01-30
U00111,cpc,5,1,32,135,1,3,67.27,2021-01-19
U00112,referral,1,1,6,137,22,4,54.63,2021-01-30
U00113,organic,4,3,31,49,11,4,64.93,2021-02-24
U00114,referral,5,1,36,48,15,3,66.99,2021-02-15
U00115,<Other>,1,3,16,38,5,3,27.46,2021-02-07
U00116,<Other>,1,1,5,109,15,1,21.28,2021-01-17
U00117,<Other>,2,1,44,129,6,3,30.13,2021-03-21
U00118,(direct),4,1,33,77,13,4,43.04,2021-02-28
U00119,organic,3,2,13,135,2,3,24.4,2021-02-06
U00120,cpc,1,2,22,59,0,4,47.4,2021-02-24
U00121,referral,3,1,40,28,16,2,37.11,2021-01-06
U00122,<Other>,2,3,20,140,19,1,41.83,2021-03-07
U00123,organic,1,1,39,129,3,3,76.42,2021-03-10
U00124,cpc,4,3,40,127,6,4,63.46,2021-02-11
U00125,referral,3,1,8,97,6,4,59.49,2021-03-24
U00126,organic,4,1,44,114,3,2,59.21,2021-03-06
U00127,organic,3,3,39,53,6,2,53.32,2021-03-30
U00128,(direct),2,3,23,81,7,2,50.78,2021-03-21
U00129,referral,1,2,10,93,8,1,72.93,2021-01-10
U00130,referral,1,3,35,76,21,4,24.5,2021-02-09
U00131,organic,2,1,31,122,14,2,37.31,2021-02-21
U00132,referral,5,3,7,73,3,4,26.25,2021-01-24
U00133,(direct),3,2,40,39,17,1,20.66,2021-02-28
U00134,organic,3,1,40,128,11,2,20.83,2021-01-21
U00135,(direct),5,1,6,36,22,3,21.44,2021-02-21
U00136,referral,2,1,41,61,5,4,60.9,2021-03-20
U00137,(direct),4,3,19,40,3,1,26.68,2021-01-05
U00138,referral,4,1,41,130,3,1,32.14,2021-02-05
U00139,organic,2,1,27,67,17,3,45.14,2021-01-22
U00140,organic,4,3,10,78,0,4,36.16,2021-01-08
U00141,organic,2,1,37,147,20,2,69.0,2021-02-21
U00142,organic,3,3,9,131,5,1,57.41,2021-01-01
U00143,referral,3,3,25,71,8,1,40.0,2021-03-25
U00144,organic,5,2,32,36,16,4,39.07,2021-01-28
U00145,(direct),2,1,25,57,20,1,61.02,2021-01-31
U00146,<Other>,4,3,28,148,10,1,30.24,2021-02-22
U00147,(direct),2,2,32,94,20,1,36.83,2021-01-24
U00148,cpc,1,3,15,114,8,3,41.21,2021-02-14
U00149,referral,5,1,26,63,10,1,47.28,2021-01-07
U00150,organic,1,2,38,107,3,1,31.43,2021-01-02
U00151,referral,5,3,41,39,12,3,29.43,2021-03-14
U00152,cpc,5,2,21,88,18,2,79.4,2021-03-04
U00153,<Other>,5,1,19,68,2,1,74.79,2021-03-24
U00154,organic,1,3,33,125,21,3,51.42,2021-02-10
U00155,referral,5,1,38,90,0,3,65.93,2021-03-30
U00156,referral,2,3,26,37,16,2,60.44,2021-01-23
U00157,referral,2,2,31,121,16,4,24.51,2021-02-19
U00158,organic,1,1,42,114,6,1,51.07,2021-03-15
U00159,referral,3,2,19,28,13,1,31.04,2021-03-28
U00160,<Other>,3,3,25,85,4,2,55.04,2021-02-02
U00161,<Other>,1,3,8,79,13,3,23.71,2021-02-12
U00162,referral,5,1,22,127,10,4,29.77,2021-03-24
U00163,(direct),5,1,11,56,2,3,66.9,2021-02-24
U00164,<Other>,5,3,20,48,5,3,70.59,2021-02-20
U00165,cpc,1,2,39,82,6,2,74.45,2021-02-06
U00166,referral,5,3,16,34,18,2,73.8,2021-03-04
U00167,referral,2,2,11,28,8,4,74.42,2021-03-08
U00168,organic,5,1,14,99,1,3,25.68,2021-02-14
U00169,referral,1,2,5,85,11,1,59.57,2021-03-12
U00170,referral,5,3,16,20,6,1,62.06,2021-02-18
U00171,organic,2,2,31,140,9,3,36.09,2021-01-01
U00172,(direct),1,1,32,28,19,1,79.58,2021-02-23
U00173,organic,3,2,22,76,14,3,37.15,2021-02-05
U00174,organic,1,3,5,140,22,3,54.49,2021-03-06
U00175,referral,4,3,27,21,23,4,72.34,2021-02-10
U00176,cpc,3,2,43,20,18,1,37.35,2021-02-19
U00177,organic,3,3,21,93,5,4,56.39,2021-02-18
U00178,organic,1,1,5,73,19,1,63.2,2021-03-24
U00179,organic,4,2,42,38,12,2,57.6,2021-02-16
U00180,organic,3,2,8,37,19,4,44.36,2021-01-10
U00181,organic,5,2,19,43,11,1,76.69,2021-02-13
U00182,referral,4,3,25,146,17,1,56.74,2021-02-13
U00183,organic,4,2,25,71,15,1,33.46,2021-01-04
U00184,organic,1,2,26,39,10,1,68.37,2021-03-05
U00185,cpc,1,2,18,158,10,3,59.35,2021-01-20
U00186,organic,1,2,39,92,0,4,26.57,2021-02-23
U00187,organic,4,1,8,35,0,1,36.69,2021-03-20
U00188,organic,2,3,39,25,6,3,29.49,2021-02-10
U00189,organic,1,1,36,44,6,4,24.36,2021-01-30
U00190,<Other>,2,2,32,82,3,3,33.81,2021-03-12
U00191,organic,3,3,16,34,13,2,36.69,2021-02-10
U00192,(direct),5,2,34,73,23,4,47.99,2021-03-23
U00193,organic,5,1,13,147,4,3,78.16,2021-01-08
U00194,referral,2,2,23,33,21,4,76.6,2021-03-26
U00195,<Other>,4,1,20,53,11,1,65.22,2021-03-12
U00196,(direct),5,1,34,149,3,2,58.79,2021-03-10
U00197,organic,2,3,5,39,2,2,76.84,2021-02-01
U00198,organic,1,2,27,125,17,2,28.55,2021-03-21
U00199,referral,2,2,16,35,23,3,39.82,2021-02-09
U00200,referral,3,2,9,122,4,3,53.2,2021-03-03
U00201,(direct),2,3,24,70,5,3,68.84,2021-03-31
U00202,organic,1,1,7,150,13,2,57.43,2021-01-27
U00203,organic,2,3,6,96,5,4,68.53,2021-02-08
U00204,referral,1,3,24,147,19,4,29.18,2021-02-02
U00205,organic,1,1,6,140,22,3,31.56,2021-03-07
U00206,referral,3,2,44,65,11,4,64.43,2021-03-20
U00207,organic,3,1,39,59,11,3,40.9,2021-03-12
U00208,organic,5,1,8,48,7,4,46.17,2021-03-25
U00209,(direct),1,1,40,112,22,4,67.5,2021-01-13
U00210,organic,1,2,44,88,19,2,24.2,2021-01-29
U00211,<Other>,1,1,10,104,1,4,30.08,2021-03-09
U00212,referral,5,3,18,85,4,2,37.75,2021-03-24
U00213,<Other>,4,1,19,94,17,1,73.01,2021-01-10
U00214,referral,3,1,41,154,23,4,44.29,2021-03-17
U00215,(direct),3,3,37,53,2,4,35.13,2021-02-27
U00216,referral,1,2,23,121,15,2,60.71,2021-03-27
U00217,organic,5,3,16,124,4,2,21.82,2021-01-27
U00218,organic,1,2,13,132,8,2,66.51,2021-02-27
U00219,(direct),3,2,23,70,5,1,61.87,2021-03-22
U00220,cpc,5,2,36,89,18,1,23.3,2021-03-11
U00221,organic,2,2,32,85,21,1,49.88,2021-02-14
U00222,<Other>,3,3,32,115,15,2,44.25,2021-02-19
U00223,organic,2,2,35,77,6,1,29.49,2021-02-17
U00224,<Other>,4,3,40,139,3,4,29.24,2021-02-12
U00225,referral,2,1,17,130,15,4,29.61,2021-01-14
U00226,organic,5,3,37,80,19,2,55.98,2021-02-13
U00227,organic,2,1,22,60,16,3,30.27,2021-01-28
U00228,referral,4,3,33,69,18,4,23.58,2021-03-02
U00229,(direct),3,1,43,109,16,1,77.45,2021-02-07
U00230,referral,4,3,12,109,12,3,22.35,2021-03-12
U00231,<Other>,5,3,26,88,1,4,59.83,2021-03-16
U00232,referral,2,3,5,140,1,4,76.16,2021-02-02
U00233,organic,2,3,35,100,23,4,22.28,2021-03-08
U00234,<Other>,5,1,24,45,21,2,77.94,2021-01-22
U00235,referral,1,2,40,126,22,3,50.14,2021-01-13
U00236,organic,5,3,27,107,3,1,67.11,2021-01-06
U00237,organic,5,1,21,124,15,4,57.51,2021-03-05
U00238,referral,4,3,14,92,3,1,57.01,2021-02-23
U00239,organic,4,2,13,135,19,2,67.33,2021-02-12
U00240,organic,5,1,21,151,11,1,23.93,2021-02-24
U00241,referral,3,1,7,20,21,3,43.54,2021-01-28
U00242,referral,2,1,37,153,19,3,78.17,2021-02-27
U00243,organic,5,3,5,48,13,1,23.28,2021-01-15
U00244,organic,1,3,24,150,0,1,35.77,2021-01-24
U00245,<Other>,2,2,6,147,16,2,60.33,2021-03-31
U00246,(direct),3,2,20,128,23,3,26.03,2021-03-03
U00247,organic,5,3,13,107,17,4,52.2,2021-03-06
U00248,organic,3,3,18,156,11,1,62.8,2021-01-26
U00249,organic,2,1,5,100,9,3,65.45,2021-03-02
U00250,organic,1,3,39,78,23,2,53.67,2021-03-28
U00251,organic,2,1,22,57,14,4,50.04,2021-01-01
U00252,referral,2,2,5,61,16,3,62.83,2021-03-23
U00253,referral,5,3,9,69,10,2,28.7,2021-03-22
U00254,cpc,2,2,15,33,23,4,60.83,2021-02-15
U00255,organic,5,3,42,145,19,3,75.15,2021-01-01
U00256,referral,5,3,28,119,6,2,60.97,2021-02-20
U00257,organic,3,1,43,52,19,1,22.79,2021-02-05
U00258,organic,1,3,36,86,18,1,50.36,2021-03-10
U00259,<Other>,5,2,20,103,10,2,63.58,2021-03-10
U00260,organic,4,3,7,86,0,4,22.59,2021-03-07
U00261,organic,3,2,12,89,17,3,65.73,2021-03-16
U00262,referral,5,3,36,132,22,4,36.9,2021-01-30
U00263,referral,5,2,26,104,21,3,55.33,2021-01-08
U00264,organic,3,2,21,134,14,3,77.98,2021-01-02
U00265,organic,2,2,31,63,12,4,79.7,2021-01-25
U00266,referral,5,3,7,148,23,1,58.06,2021-01-19
U00267,(direct),1,1,30,116,15,1,49.49,2021-03-12
U00268,(direct),5,2,39,69,18,3,30.66,2021-01-14
U00269,(direct),3,2,17,139,5,1,32.5,2021-01-04
U00270,organic,4,1,21,135,21,1,45.75,2021-02-15
U00271,organic,3,2,34,81,15,1,62.14,2021-02-02
U00272,organic,3,2,33,22,17,4,66.16,2021-02-06
U00273,organic,1,3,18,155,0,2,33.31,2021-01-30
U00274,organic,2,1,34,67,17,2,52.13,2021-03-25
U00275,referral,1,2,41,133,8,1,55.5,2021-03-19
U00276,organic,1,3,42,115,12,1,73.58,2021-01-27
U00277,organic,5,3,13,76,15,4,72.59,2021-01-13
U00278,referral,4,3,36,104,21,1,69.04,2021-03-12
U00279,organic,3,3,8,109,18,3,51.0,2021-03-23
U00280,organic,1,1,10,138,22,2,23.9,2021-02-07
U00281,referral,1,1,5,97,0,3,40.07,2021-02-21
U00282,organic,2,3,29,47,7,4,57.3,2021-03-14
U00283,<Other>,2,1,44,111,9,1,58.26,2021-03-28
U00284,(direct),4,3,42,104,6,4,70.94,2021-03-07
U00285,referral,3,2,7,131,2,4,42.76,2021-02-09
U00286,referral,1,2,25,137,12,1,76.2,2021-02-07
U00287,organic,5,3,18,57,19,3,29.79,2021-02-10
U00288,(direct),2,2,34,84,10,4,22.99,2021-01-05
U00289,organic,1,3,6,45,22,1,30.6,2021-03-05
U00290,<Other>,5,2,26,46,19,2,47.74,2021-02-25
U00291,referral,1,2,17,41,4,2,69.37,2021-03-28
U00292,<Other>,4,1,29,120,12,1,29.23,2021-02-18
U00293,(direct),4,3,15,86,11,2,52.89,2021-02-28
U00294,referral,5,1,14,88,15,4,66.6,2021-02-08
U00295,organic,2,3,41,101,16,1,22.09,2021-03-21
U00296,<Other>,4,2,29,117,13,1,22.49,2021-02-24
U00297,<Other>,2,3,39,34,20,4,49.44,2021-03-16
U00298,cpc,5,3,23,145,9,4,30.96,2021-03-19
U00299,<Other>,5,3,32,133,12,1,47.03,2021-03-05
U00300,cpc,1,3,14,123,11,2,22.64,2021-01-03
U00301,(direct),5,2,19,70,3,3,78.61,2021-01-08
U00302,referral,1,2,36,116,18,2,59.25,2021-03-20
U00303,organic,2,1,7,71,11,2,61.2,2021-03-14
U00304,cpc,1,3,28,77,0,3,50.58,2021-01-16
U00305,organic,2,1,14,88,9,4,69.49,2021-01-26
U00306,referral,4,2,34,142,20,2,70.0,2021-02-01
U00307,<Other>,2,2,37,56,1,1,29.55,2021-03-23
U00308,organic,3,3,29,94,4,2,66.1,2021-01-08
U00309,organic,1,3,43,127,20,4,54.0,2021-03-01
U00310,organic,4,1,43,54,16,1,65.74,2021-03-15
U00311,organic,2,2,29,58,3,4,75.12,2021-01-12
U00312,referral,5,1,42,137,6,1,40.11,2021-03-17
U00313,referral,1,2,16,107,14,4,54.25,2021-02-28
U00314,<Other>,2,2,8,33,0,2,67.25,2021-02-28
U00315,organic,4,1,32,66,13,4,79.21,2021-03-15
U00316,referral,5,2,24,126,14,3,56.75,2021-02-03
U00317,organic,1,2,14,96,1,2,63.27,2021-01-30
U00318,organic,4,1,35,121,19,4,70.78,2021-02-13
U00319,<Other>,5,2,23,36,1,2,65.08,2021-02-07
U00320,organic,3,1,6,143,15,4,76.54,2021-01-25
U00321,organic,5,3,8,143,1,4,33.78,2021-01-24
U00322,organic,1,2,19,136,15,2,74.47,2021-03-02
U00323,<Other>,3,1,42,101,16,1,32.43,2021-01-09
U00324,referral,2,2,37,154,17,1,53.91,2021-03-30
U00325,<Other>,3,2,22,74,18,4,51.37,2021-03-25
U00326,organic,3,1,44,95,15,3,69.88,2021-02-17
U00327,referral,3,3,36,139,3,3,43.91,2021-03-22
U00328,referral,5,1,36,48,16,4,28.59,2021-02-21
U00329,<Other>,3,2,17,105,0,4,62.41,2021-03-11
U00330,cpc,3,3,20,21,22,2,56.4,2021-03-05
U00331,referral,2,3,37,66,20,3,69.62,2021-02-05
U00332,referral,3,2,38,119,12,2,65.52,2021-01-20
U00333,referral,5,1,18,76,6,1,73.69,2021-03-31
U00334,referral,4,1,6,141,8,2,70.35,2021-02-19
U00335,referral,4,2,17,117,13,4,61.16,2021-01-12
U00336,organic,5,1,33,144,0,2,47.94,2021-01-07
U00337,organic,5,1,38,157,7,2,21.22,2021-02-09
U00338,organic,3,1,21,58,9,2,38.46,2021-03-27
U00339,<Other>,5,3,7,28,3,4,63.65,2021-02-11
U00340,(direct),3,3,34,44,12,4,23.57,2021-03-27
U00341,organic,1,1,8,34,17,3,65.4,2021-03-29
U00342,organic,2,2,35,132,8,2,50.98,2021-03-08
U00343,organic,2,2,9,110,7,1,72.07,2021-02-19
U00344,organic,2,2,6,158,5,2,59.59,2021-02-10
U00345,organic,1,2,8,27,20,1,67.91,2021-01-24
U00346,organic,2,1,42,34,18,3,30.29,2021-03-31
U00347,<Other>,3,1,31,96,15,2,30.37,2021-03-10
U00348,referral,4,2,31,144,0,1,32.67,2021-01-13
U00349,organic,2,1,19,97,14,2,40.0,2021-03-27
U00350,organic,2,2,43,66,5,2,74.27,2021-02-03
U00351,referral,3,2,42,138,9,3,66.46,2021-01-03
U00352,organic,3,3,18,66,4,1,41.88,2021-03-29
U00353,referral,2,2,22,37,7,1,75.11,2021-03-14
U00354,organic,5,3,33,115,0,4,66.74,2021-01-03
U00355,(direct),1,2,11,52,12,1,59.36,2021-03-27
U00356,organic,4,1,42,148,15,2,46.19,2021-01-24
U00357,referral,4,3,28,111,16,3,59.1,2021-03-15
U00358,<Other>,1,1,42,36,6,4,55.59,2021-02-04
U00359,organic,2,2,10,65,14,4,66.91,2021-01-20
U00360,referral,2,3,24,98,23,2,33.53,2021-02-13
U00361,organic,2,2,40,114,13,3,73.13,2021-03-17
U00362,referral,2,2,14,22,16,4,55.51,2021-02-17
U00363,organic,2,1,26,75,22,3,68.41,2021-02-12
U00364,referral,4,3,37,159,6,1,40.84,2021-03-17
U00365,organic,2,1,27,45,23,4,43.51,2021-03-22
U00366,organic,3,1,8,79,13,4,76.24,2021-03-09
U00367,<Other>,5,3,25,77,7,3,57.32,2021-03-13
U00368,(direct),2,1,17,27,12,4,39.06,2021-03-12
U00369,organic,3,2,17,45,0,1,24.93,2021-02-24
U00370,organic,4,3,16,129,3,4,46.06,2021-03-23
U00371,organic,3,3,28,68,10,2,70.94,2021-01-26
U00372,organic,1,3,39,62,8,4,35.09,2021-01-31
U00373,organic,1,3,23,40,18,2,71.62,2021-02-23
U00374,cpc,3,3,13,118,21,4,29.7,2021-02-25
U00375,organic,2,3,17,150,3,4,27.8,2021-02-25
U00376,organic,2,2,26,108,0,4,56.34,2021-02-22
U00377,cpc,2,3,44,40,18,3,68.28,2021-03-13
U00378,referral,3,1,40,33,18,4,66.8,2021-03-02
U00379,referral,1,1,32,155,18,4,52.62,2021-02-03
U00380,organic,1,1,11,26,10,1,58.32,2021-02-15
U00381,referral,4,3,34,118,5,1,35.49,2021-03-21
U00382,<Other>,1,1,35,149,6,2,53.07,2021-03-25
U00383,referral,1,2,15,88,22,3,32.46,2021-03-15
U00384,referral,5,1,34,85,0,1,75.7,2021-02-19
U00385,organic,1,3,19,37,14,1,60.68,2021-03-10
U00386,organic,3,2,17,31,3,3,53.88,2021-01-11
U00387,referral,2,2,39,127,12,2,34.83,2021-03-27
U00388,(direct),3,2,39,79,23,4,44.54,2021-03-16
U00389,cpc,2,1,24,73,11,4,66.81,2021-01-18
U00390,referral,2,1,27,59,0,4,34.36,2021-03-23
U00391,referral,4,3,41,23,7,1,27.73,2021-01-31
U00392,referral,1,2,24,40,20,1,38.44,2021-03-25
U00393,(direct),4,3,23,110,22,3,67.67,2021-03-03
U00394,organic,2,3,22,60,10,3,72.99,2021-01-23
U00395,<Other>,5,3,8,115,9,4,44.86,2021-02-22
U00396,cpc,5,2,12,55,1,4,66.88,2021-03-03
U00397,organic,4,2,34,141,16,4,39.93,2021-03-15
U00398,organic,4,3,24,36,12,1,50.53,2021-01-17
U00399,referral,1,2,12,110,21,4,21.21,2021-02-10
U00400,organic,4,1,9,154,8,1,62.72,2021-01-08
U00401,referral,4,2,38,137,15,4,63.12,2021-01-31
U00402,organic,3,1,44,121,16,3,26.01,2021-02-18
U00403,referral,4,2,11,81,9,3,41.53,2021-02-26
U00404,referral,4,3,26,137,16,1,49.01,2021-02-17
U00405,referral,3,3,13,103,19,4,66.45,2021-02-22
U00406,<Other>,2,1,15,76,9,4,69.42,2021-03-03
U00407,<Other>,2,1,16,118,21,3,63.15,2021-03-31
U00408,<Other>,3,2,12,52,13,1,32.95,2021-02-19
U00409,referral,1,1,36,45,14,3,41.38,2021-02-24
U00410,referral,4,3,21,107,8,1,34.84,2021-01-09
U00411,referral,1,2,30,43,1,1,58.23,2021-02-01
U00412,cpc,5,1,37,50,13,3,58.84,2021-03-28
U00413,organic,1,3,30,46,20,2,20.97,2021-02-26
U00414,referral,4,3,26,68,6,4,63.9,2021-01-05
U00415,cpc,2,2,7,92,3,1,33.77,2021-03-06
U00416,<Other>,4,2,35,35,12,4,68.08,2021-02-19
U00417,organic,4,2,18,128,21,4,69.97,2021-03-04
U00418,organic,4,2,22,153,21,4,67.82,2021-02-27
U00419,organic,1,1,38,106,3,4,44.49,2021-02-26
U00420,(direct),2,2,44,130,3,2,40.9,2021-01-09
U00421,organic,2,1,21,140,8,2,46.11,2021-01-26
U00422,(direct),1,3,16,28,10,4,51.63,2021-03-04
U00423,(direct),1,2,43,109,0,3,35.0,2021-03-07
U00424,<Other>,1,2,37,32,12,4,75.9,2021-02-03
U00425,<Other>,5,2,36,154,20,1,50.24,2021-03-22
U00426,(direct),5,2,25,37,8,4,24.39,2021-01-06
U00427,organic,4,2,18,120,17,2,79.83,2021-03-03
U00428,organic,5,2,6,64,6,1,49.05,2021-03-26
U00429,<Other>,1,2,11,51,13,1,76.82,2021-03-16
U00430,organic,1,1,19,26,23,2,43.42,2021-02-10
U00431,organic,1,2,35,39,16,2,33.49,2021-02-23
U00432,organic,2,2,32,141,17,1,64.21,2021-02-05
U00433,referral,2,2,12,129,0,2,45.95,2021-03-25
U00434,referral,5,1,11,33,8,2,72.89,2021-03-25
U00435,organic,3,2,40,28,9,4,47.87,2021-01-02
U00436,referral,3,2,14,119,15,1,40.3,2021-01-27
U00437,referral,1,3,43,109,10,2,78.0,2021-01-18
U00438,(direct),2,2,34,112,20,2,69.82,2021-03-18
U00439,organic,4,3,44,35,3,1,32.34,2021-03-23
U00440,organic,5,3,9,155,23,4,49.33,2021-01-11
U00441,organic,2,2,25,98,18,2,26.8,2021-03-19
U00442,(direct),1,2,10,133,7,4,26.46,2021-02-13
U00443,organic,1,2,20,157,2,4,71.2,2021-01-04
U00444,organic,3,3,20,43,21,4,75.91,2021-03-18
U00445,organic,1,1,28,155,3,3,64.33,2021-03-24
U00446,referral,1,1,23,20,7,1,79.35,2021-02-12
U00447,organic,4,2,23,93,22,3,22.72,2021-02-08
U00448,<Other>,5,2,41,130,11,1,39.89,2021-02-28
U00449,referral,4,3,37,121,4,4,27.93,2021-01-25
U00450,referral,3,3,9,50,2,4,66.92,2021-03-20
U00451,organic,2,1,13,96,4,4,73.42,2021-03-25
U00452,referral,3,3,25,81,3,4,46.83,2021-03-22
U00453,referral,1,1,11,54,23,4,69.75,2021-02-24
U00454,organic,5,2,29,41,10,3,70.86,2021-03-06
U00455,cpc,1,1,25,154,20,4,28.38,2021-03-24
U00456,organic,5,1,17,153,15,4,42.62,2021-01-25
U00457,<Other>,5,2,25,31,20,4,31.28,2021-02-06
U00458,organic,5,1,14,150,17,3,60.2,2021-03-16
U00459,referral,2,3,28,119,5,2,43.24,2021-03-21
U00460,organic,3,3,31,62,15,1,60.07,2021-03-23
U00461,organic,2,2,37,93,0,1,72.55,2021-02-23
U00462,<Other>,2,2,30,27,18,2,44.77,2021-03-14
U00463,referral,2,3,40,42,19,2,78.32,2021-01-28
U00464,referral,4,3,21,62,15,3,44.52,2021-02-21
U00465,(direct),4,3,25,43,9,1,32.82,2021-03-05
U00466,referral,4,3,6,150,13,2,51.76,2021-02-07
U00467,referral,2,1,19,106,17,2,43.94,2021-02-13
U00468,organic,1,3,6,159,12,3,27.5,2021-03-28
U00469,organic,4,2,11,65,12,3,21.39,2021-03-03
U00470,organic,4,2,40,130,14,4,64.64,2021-03-27
U00471,<Other>,2,3,36,65,3,2,75.97,2021-03-09
U00472,referral,3,1,7,101,17,3,46.43,2021-03-29
U00473,organic,1,3,7,77,14,1,23.92,2021-02-07
U00474,referral,5,3,37,104,5,3,64.44,2021-02-19
U00475,organic,5,2,29,44,9,1,72.02,2021-03-02
U00476,(direct),1,2,41,121,14,4,39.42,2021-01-28
U00477,referral,2,1,40,93,0,2,33.32,2021-03-11
U00478,(direct),3,1,39,63,4,2,40.22,2021-01-31
U00479,organic,3,1,23,156,8,3,74.5,2021-02-26
U00480,organic,5,2,23,111,22,4,45.08,2021-01-10
U00481,referral,3,1,37,101,13,2,59.25,2021-01-12
U00482,<Other>,5,3,22,158,10,3,24.46,2021-01-07
U00483,referral,4,3,31,121,5,3,36.89,2021-03-29
U00484,<Other>,2,2,34,85,15,3,33.68,2021-01-28
U00485,organic,3,3,35,41,22,3,23.76,2021-03-16
U00486,cpc,2,1,43,106,8,1,27.24,2021-01-20
U00487,referral,4,3,7,128,2,4,45.0,2021-03-06
U00488,referral,1,1,26,109,7,1,53.48,2021-01-27
U00489,organic,1,1,14,60,16,2,38.72,2021-01-16
U00490,referral,1,1,12,142,21,4,45.17,2021-02-05
U00491,referral,5,3,38,131,8,3,65.57,2021-03-11
U00492,organic,5,2,22,112,16,2,34.83,2021-01-10
U00493,organic,1,1,16,102,4,3,22.05,2021-02-13
U00494,organic,4,3,36,67,23,2,35.42,2021-01-19
U00495,referral,5,2,6,46,10,4,75.28,2021-03-15
U00496,referral,1,3,21,113,5,4,21.08,2021-03-31
U00497,referral,2,2,16,111,21,1,27.74,2021-03-06
U00498,organic,1,3,11,75,13,4,23.9,2021-03-15
U00499,organic,1,1,19,154,2,2,42.62,2021-03-03
U00500,organic,2,3,6,89,23,4,58.86,2021-02-02
U00501,referral,5,2,31,40,16,4,74.62,2021-03-31
U00502,<Other>,2,1,30,66,3,4,67.64,2021-02-06
U00503,<Other>,5,1,29,79,7,3,35.04,2021-01-13
U00504,(direct),4,3,16,131,5,3,58.09,2021-03-29
U00505,organic,5,1,21,109,10,4,59.83,2021-02-06
U00506,organic,3,2,5,36,0,2,25.43,2021-01-19
U00507,cpc,5,1,35,45,14,4,45.63,2021-03-07
U00508,referral,3,2,44,25,15,2,38.67,2021-01-30
U00509,organic,5,2,9,29,1,4,29.43,2021-03-27
U00510,referral,2,2,32,100,12,3,23.52,2021-02-01
U00511,organic,5,1,32,150,11,2,21.63,2021-02-02
U00512,(direct),1,1,12,78,13,1,71.52,2021-02-09
U00513,<Other>,5,3,18,131,0,3,39.84,2021-01-15
U00514,organic,2,2,10,99,10,3,49.58,2021-03-11
U00515,organic,2,2,22,67,3,4,37.5,2021-03-21
U00516,organic,5,3,41,110,12,1,29.95,2021-03-26
U00517,organic,5,3,14,152,19,2,35.68,2021-02-07
U00518,organic,5,2,39,95,5,1,30.2,2021-01-08
U00519,(direct),4,2,39,104,4,4,65.47,2021-03-17
U00520,<Other>,3,3,21,26,3,3,74.45,2021-02-08
U00521,referral,5,1,31,28,12,1,46.07,2021-03-01
U00522,<Other>,5,3,28,108,17,2,69.38,2021-03-01
U00523,organic,3,2,14,56,12,2,45.55,2021-02-25
U00524,cpc,1,2,21,154,7,3,46.81,2021-01-18
U00525,referral,4,1,37,36,18,4,49.11,2021-02-17
U00526,<Other>,4,2,37,138,14,3,69.21,2021-01-21
U00527,organic,1,2,21,60,0,1,76.18,2021-02-25
U00528,<Other>,3,3,22,83,10,4,64.67,2021-01-12
U00529,<Other>,3,1,42,102,15,2,73.31,2021-01-06
U00530,referral,2,3,11,76,9,4,58.56,2021-01-31
U00531,organic,3,1,30,64,6,4,70.36,2021-03-12
U00532,(direct),4,2,5,92,7,1,53.41,2021-03-02
U00533,organic,2,3,15,128,22,3,66.36,2021-03-09
U00534,organic,5,3,14,129,19,1,62.32,2021-02-26
U00535,organic,5,3,35,155,15,2,64.96,2021-03-02
U00536,cpc,5,1,29,129,23,3,34.06,2021-01-17
U00537,<Other>,2,2,5,128,9,4,29.23,2021-01-29
U00538,cpc,4,2,7,110,3,1,59.18,2021-03-08
U00539,organic,3,1,5,106,11,4,48.97,2021-02-28
U00540,(direct),2,3,11,157,20,1,65.88,2021-03-29
U00541,referral,4,2,18,63,15,2,28.79,2021-01-03
U00542,(direct),3,2,27,67,23,2,76.86,2021-01-27
U00543,(direct),1,3,21,90,17,1,62.24,2021-01-01
U00544,organic,4,1,18,21,15,2,21.38,2021-03-20
U00545,organic,1,2,13,99,12,4,54.59,2021-03-19
U00546,organic,5,3,25,137,15,3,38.76,2021-01-04
U00547,referral,5,3,6,25,14,1,36.48,2021-01-04
U00548,<Other>,4,3,36,99,7,4,74.13,2021-03-30
U00549,organic,1,1,12,108,14,1,70.16,2021-03-16
U00550,organic,2,2,40,64,20,3,20.57,2021-02-02
U00551,referral,3,1,30,29,20,2,30.9,2021-01-11
U00552,referral,5,1,41,156,6,3,63.17,2021-03-17
U00553,referral,5,3,19,51,19,3,70.89,2021-03-20
U00554,referral,5,3,38,21,18,1,63.06,2021-02-26
U00555,organic,5,3,25,40,21,3,51.52,2021-01-26
U00556,<Other>,4,1,27,150,13,2,79.07,2021-03-29
U00557,cpc,4,2,13,112,5,1,67.84,2021-01-26
U00558,cpc,1,3,44,140,12,2,48.08,2021-02-23
U00559,organic,2,2,30,42,11,3,55.01,2021-01-27
U00560,referral,1,2,26,55,21,3,22.69,2021-02-23
U00561,referral,2,2,17,33,6,2,77.88,2021-01-02
U00562,organic,4,3,29,34,19,1,41.76,2021-03-28
U00563,<Other>,5,2,11,54,2,3,59.69,2021-01-09
U00564,organic,1,1,31,139,2,4,60.02,2021-03-13
U00565,organic,2,1,19,41,2,3,23.42,2021-03-05
U00566,organic,3,1,16,55,14,3,35.95,2021-03-06
U00567,organic,2,3,37,34,15,4,59.37,2021-01-21
U00568,organic,1,1,25,140,12,1,74.73,2021-01-26
U00569,organic,4,2,29,115,15,1,66.72,2021-01-15
U00570,referral,5,3,44,119,1,3,54.81,2021-02-12
U00571,referral,3,3,26,108,5,4,33.95,2021-03-30
U00572,organic,1,2,18,93,16,1,76.93,2021-02-08
U00573,organic,4,1,12,45,5,4,44.22,2021-01-16
U00574,referral,2,2,28,49,23,4,28.99,2021-02-04
U00575,cpc,4,2,7,141,21,4,21.3,2021-01-23
U00576,<Other>,4,3,16,122,17,4,77.01,2021-01-12
U00577,referral,5,1,26,159,22,2,66.67,2021-02-25
U00578,referral,1,1,20,50,11,3,32.98,2021-02-21
U00579,(direct),4,1,11,128,18,2,28.51,2021-01-19
U00580,organic,2,2,22,130,11,4,77.57,2021-03-03
U00581,organic,2,3,27,130,23,1,34.45,2021-01-08
U00582,referral,5,3,30,101,21,1,47.72,2021-03-28
U00583,referral,4,3,42,21,16,2,56.65,2021-01-11
U00584,organic,2,1,6,97,1,4,23.74,2021-02-12
U00585,referral,2,1,6,53,13,4,40.67,2021-03-10
U00586,organic,5,3,26,79,12,1,76.62,2021-02-06
U00587,referral,4,2,42,53,23,3,62.02,2021-01-25
U00588,organic,5,3,32,146,5,2,42.07,2021-03-29
U00589,(direct),4,2,21,38,16,2,67.5,2021-01-24
U00590,organic,2,3,22,71,8,3,70.23,2021-02-03
U00591,<Other>,1,2,6,63,7,4,29.11,2021-03-23
U00592,organic,2,3,39,105,13,1,55.2,2021-01-12
U00593,<Other>,1,1,19,57,1,2,42.01,2021-02-11
U00594,<Other>,4,1,19,111,9,2,50.41,2021-03-20
U00595,organic,4,1,38,32,20,4,48.14,2021-01-12
U00596,organic,3,1,19,112,2,3,50.23,2021-01-29
U00597,cpc,4,3,22,61,16,1,51.32,2021-01-20
U00598,organic,4,1,17,115,6,4,24.16,2021-03-20
U00599,(direct),3,2,42,67,11,2,30.66,2021-01-03
U00600,organic,1,2,12,65,6,1,53.97,2021-03-21
U00601,organic,4,1,20,133,2,4,76.16,2021-03-02
U00602,organic,5,1,24,97,5,2,64.79,2021-03-24
U00603,organic,4,1,30,76,2,1,34.32,2021-03-12
U00604,referral,4,3,39,71,3,4,41.7,2021-01-22
U00605,referral,2,2,21,41,15,2,40.12,2021-03-20
U00606,cpc,4,2,30,36,14,1,66.17,2021-03-14
U00607,<Other>,4,2,22,116,0,1,78.33,2021-01-17
U00608,organic,5,3,11,121,1,2,41.32,2021-01-02
U00609,<Other>,3,3,39,45,0,1,20.89,2021-01-07
U00610,organic,3,2,16,90,17,1,76.21,2021-01-14
U00611,organic,3,2,5,60,3,3,65.19,2021-01-04
U00612,organic,2,2,29,69,5,3,70.06,2021-02-14
U00613,<Other>,4,1,20,47,10,3,32.52,2021-03-04
U00614,referral,1,3,19,93,11,4,58.74,2021-01-10
U00615,referral,1,2,15,147,7,4,33.96,2021-02-14
U00616,referral,5,1,41,85,13,3,20.7,2021-03-27
U00617,organic,2,2,43,133,9,1,29.42,2021-03-29
U00618,organic,2,2,7,32,22,2,75.37,2021-02-13
U00619,organic,4,3,43,20,3,4,32.92,2021-02-24
U00620,organic,1,2,24,108,14,2,55.11,2021-01-18
U00621,referral,2,3,27,29,15,3,78.08,2021-01-11
U00622,referral,5,3,19,146,13,2,24.54,2021-02-23
U00623,organic,1,2,22,73,14,2,68.48,2021-01-01
U00624,organic,2,1,43,90,22,1,55.85,2021-02-22
U00625,organic,4,2,39,69,16,1,39.4,2021-03-21
U00626,referral,4,2,33,78,11,2,41.86,2021-03-19
U00627,cpc,4,2,24,25,12,1,21.63,2021-02-02
U00628,referral,4,1,19,128,13,3,35.35,2021-01-07
U00629,referral,1,3,36,51,10,3,45.4,2021-03-24
U00630,organic,1,1,16,72,10,2,63.01,2021-01-25
U00631,<Other>,2,1,16,127,5,4,36.49,2021-03-10
U00632,<Other>,5,2,29,88,0,2,54.82,2021-02-18
U00633,organic,3,2,38,102,23,4,63.9,2021-03-15
U00634,referral,3,1,12,21,19,4,61.91,2021-01-04
U00635,(direct),4,3,28,62,7,4,55.42,2021-01-24
U00636,referral,2,3,5,59,7,3,54.81,2021-02-15
U00637,(direct),3,2,29,23,17,2,63.27,2021-03-11
U00638,organic,3,3,38,94,21,4,40.13,2021-01-12
U00639,referral,3,3,18,124,12,2,47.01,2021-03-03
U00640,organic,3,3,40,141,13,1,77.97,2021-03-25
U00641,organic,3,1,10,33,14,1,60.12,2021-03-31
U00642,<Other>,2,1,13,118,3,4,51.19,2021-03-17
U00643,organic,3,2,5,128,18,3,54.7,2021-03-03
U00644,organic,3,3,13,150,12,3,26.27,2021-03-03
U00645,referral,2,2,28,40,8,4,55.52,2021-03-17
U00646,(direct),1,1,43,80,15,3,70.19,2021-02-27
U00647,organic,1,2,22,21,8,3,51.42,2021-02-07
U00648,organic,1,1,43,29,1,4,30.61,2021-03-09
U00649,referral,3,1,22,110,20,3,46.89,2021-01-17
U00650,<Other>,2,2,32,137,9,1,36.68,2021-01-10
U00651,organic,1,3,6,95,6,2,41.58,2021-03-24
U00652,organic,4,2,41,99,8,4,33.5,2021-02-12
U00653,organic,4,3,40,27,7,3,40.03,2021-02-02
U00654,organic,2,2,28,120,19,3,69.3,2021-02-06
U00655,organic,3,2,39,108,18,4,65.46,2021-01-28
U00656,(direct),1,2,10,66,0,1,49.43,2021-02-15
U00657,<Other>,3,1,21,101,0,1,66.95,2021-01-02
U00658,(direct),1,2,34,143,19,1,78.53,2021-02-15
U00659,organic,5,1,12,27,7,1,44.37,2021-02-07
U00660,organic,5,1,14,49,3,2,78.8,2021-02-07
U00661,organic,3,1,20,110,21,4,34.75,2021-01-21
U00662,organic,4,2,42,135,3,2,77.27,2021-01-23
U00663,(direct),3,2,30,124,14,1,71.87,2021-02-02
U00664,(direct),1,2,35,97,1,1,31.95,2021-03-31
U00665,<Other>,3,2,12,83,16,4,40.99,2021-02-12
U00666,organic,3,1,39,49,7,3,62.48,2021-03-09
U00667,referral,1,3,38,77,15,4,31.5,2021-03-11
U00668,referral,4,3,14,50,5,2,55.44,2021-03-05
U00669,<Other>,5,1,44,109,0,3,52.09,2021-03-25
U00670,referral,1,1,16,119,4,1,37.51,2021-03-05
U00671,organic,3,3,31,147,18,4,38.03,2021-02-06
U00672,organic,2,3,23,78,17,3,50.98,2021-03-20
U00673,<Other>,3,3,30,130,2,4,37.99,2021-01-23
U00674,referral,3,3,19,135,1,1,30.82,2021-03-14
U00675,referral,2,3,35,31,1,2,66.4,2021-02-03
U00676,(direct),3,2,41,64,0,3,54.91,2021-02-03
U00677,referral,2,3,22,85,2,3,46.26,2021-01-27
U00678,organic,3,2,33,123,18,3,30.87,2021-03-21
U00679,organic,4,2,31,117,3,2,55.66,2021-01-04
U00680,organic,5,1,42,88,2,2,57.72,2021-03-22
U00681,organic,4,1,24,24,7,3,48.79,2021-03-17
U00682,organic,1,3,25,82,11,3,42.36,2021-03-10
U00683,organic,1,1,33,23,3,3,72.03,2021-03-04
U00684,organic,3,3,19,134,13,1,62.29,2021-03-19
U00685,organic,1,1,26,60,9,4,41.37,2021-01-14
U00686,organic,1,1,27,159,16,1,55.59,2021-03-07
U00687,(direct),3,3,8,117,17,1,34.02,2021-01-28
U00688,(direct),3,1,28,74,6,2,20.69,2021-01-21
U00689,referral,5,3,18,64,12,3,72.13,2021-03-20
U00690,<Other>,2,1,41,78,21,1,69.13,2021-03-28
U00691,referral,3,3,25,154,12,3,58.36,2021-01-10
U00692,<Other>,5,2,43,140,21,2,68.68,2021-01-26
U00693,referral,4,3,17,144,1,1,66.85,2021-02-04
U00694,referral,1,1,23,71,7,3,71.62,2021-02-03
U00695,<Other>,2,2,30,30,20,2,73.51,2021-01-02
U00696,referral,4,2,40,115,21,2,69.13,2021-02-12
U00697,organic,3,3,37,69,19,1,71.1,2021-02-13
U00698,referral,4,3,44,115,10,2,50.1,2021-02-13
U00699,(direct),5,2,20,142,1,4,62.48,2021-02-12
U00700,referral,3,3,23,67,11,2,39.99,2021-02-21
U00701,referral,3,3,41,153,4,1,71.67,2021-01-05
U00702,referral,2,3,18,69,20,3,71.52,2021-01-19
U00703,(direct),5,1,34,101,15,4,23.97,2021-01-30
U00704,referral,1,1,35,150,0,2,40.82,2021-02-18
U00705,organic,4,2,24,60,11,3,30.29,2021-03-04
U00706,referral,2,2,11,47,4,3,28.15,2021-03-22
U00707,organic,2,2,41,148,0,3,44.89,2021-01-29
U00708,organic,3,3,6,52,2,1,57.54,2021-03-17
U00709,cpc,4,3,26,30,3,2,40.62,2021-03-13
U00710,referral,2,3,17,47,8,4,38.55,2021-03-20
U00711,organic,3,2,42,66,21,1,25.67,2021-02-22
U00712,organic,3,2,35,93,16,3,42.98,2021-01-28
U00713,<Other>,5,1,5,91,11,2,48.26,2021-03-26
U00714,referral,3,3,17,156,18,3,43.92,2021-02-22
U00715,organic,1,3,21,102,2,4,60.81,2021-01-17
U00716,organic,5,1,8,133,19,3,37.29,2021-03-23
U00717,referral,5,2,35,27,9,1,62.96,2021-01-24
U00718,<Other>,1,2,37,88,19,1,72.97,2021-03-29
U00719,(direct),1,2,18,97,7,4,55.47,2021-03-17
U00720,organic,2,3,25,64,2,4,43.32,2021-03-06
U00721,<Other>,2,1,26,126,10,2,30.78,2021-02-05
U00722,referral,1,1,9,57,14,2,75.95,2021-02-01
U00723,referral,2,2,41,159,19,3,65.11,2021-03-10
U00724,(direct),1,3,36,86,11,3,34.79,2021-01-26
U00725,organic,1,1,7,123,2,4,29.04,2021-02-25
U00726,organic,3,3,17,89,6,4,22.96,2021-03-08
U00727,<Other>,2,2,15,118,21,4,31.43,2021-02-02
U00728,organic,5,2,42,63,0,3,63.94,2021-02-08
U00729,<Other>,5,1,28,65,9,1,57.77,2021-03-25
U00730,referral,2,2,13,148,16,4,78.05,2021-02-27
U00731,organic,2,1,17,141,5,4,39.32,2021-01-12
U00732,organic,2,2,26,63,18,2,67.2,2021-03-25
U00733,organic,2,1,22,103,11,1,27.23,2021-03-22
U00734,cpc,3,2,14,106,1,1,53.75,2021-02-12
U00735,organic,1,2,16,103,11,3,48.01,2021-03-13
U00736,cpc,2,3,34,115,18,4,70.29,2021-01-13
U00737,organic,2,3,23,65,8,3,62.1,2021-03-14
U00738,<Other>,1,2,23,91,5,3,31.66,2021-03-24
U00739,(direct),1,1,14,113,16,1,79.03,2021-03-31
U00740,referral,1,2,5,150,1,3,69.39,2021-01-05
U00741,(direct),4,3,11,90,6,4,41.28,2021-02-14
U00742,organic,5,1,15,59,5,1,69.56,2021-03-30
U00743,organic,2,2,8,93,13,1,77.41,2021-01-05
U00744,organic,3,2,40,34,16,4,73.42,2021-01-23
U00745,referral,3,3,25,138,17,1,53.37,2021-02-04
U00746,organic,1,1,26,40,5,2,54.63,2021-02-23
U00747,<Other>,3,1,14,40,11,4,26.4,2021-02-18
U00748,<Other>,5,1,27,79,5,1,29.88,2021-03-11
U00749,referral,2,2,9,125,21,3,78.96,2021-03-19
U00750,cpc,3,3,16,84,13,3,66.19,2021-02-06
U00751,organic,5,2,34,88,12,4,21.53,2021-01-22
U00752,organic,5,3,37,129,8,4,52.85,2021-03-25
U00753,referral,4,3,41,45,17,4,40.72,2021-01-08
U00754,referral,4,1,22,94,9,2,38.69,2021-02-26
U00755,referral,3,2,8,74,9,3,53.4,2021-03-12
U00756,organic,5,1,31,132,13,3,39.21,2021-03-01
U00757,referral,1,3,27,65,8,4,35.09,2021-02-24
U00758,<Other>,4,3,10,89,8,3,76.27,2021-02-03
U00759,referral,5,1,11,151,8,2,22.39,2021-02-10
U00760,organic,4,1,23,73,2,1,46.17,2021-01-28
U00761,organic,2,3,19,106,8,2,50.67,2021-01-31
U00762,organic,5,2,26,115,12,4,46.4,2021-01-21
U00763,referral,5,1,36,139,9,2,59.44,2021-03-15
U00764,organic,2,2,19,55,2,3,21.54,2021-02-20
U00765,<Other>,4,3,10,53,19,3,73.1,2021-02-05
U00766,organic,2,1,10,153,3,2,50.01,2021-03-18
U00767,referral,3,1,10,105,13,4,53.22,2021-01-26
U00768,referral,1,3,16,52,12,4,47.77,2021-01-19
U00769,organic,4,1,6,74,19,1,46.67,2021-01-06
U00770,(direct),5,1,29,42,6,2,31.2,2021-02-17
U00771,<Other>,3,2,8,144,20,1,50.26,2021-01-15
U00772,organic,4,1,10,63,6,3,45.28,2021-02-18
U00773,cpc,1,2,41,119,5,2,48.09,2021-01-18
U00774,cpc,5,1,42,47,22,1,20.83,2021-03-25
U00775,referral,2,1,18,83,7,2,27.85,2021-03-06
U00776,referral,1,3,23,67,5,2,65.79,2021-01-22
U00777,<Other>,4,3,11,78,3,3,45.15,2021-03-01
U00778,<Other>,5,1,22,78,4,1,64.57,2021-02-05
U00779,referral,4,2,12,62,17,1,30.27,2021-03-23
U00780,organic,1,3,32,91,1,1,61.89,2021-01-10
U00781,organic,5,3,25,62,21,1,37.35,2021-01-20
U00782,referral,1,3,39,32,23,1,62.31,2021-03-11
U00783,<Other>,4,1,14,158,13,3,25.21,2021-03-02
U00784,referral,5,2,32,125,23,2,40.02,2021-02-28
U00785,organic,5,2,23,113,23,3,27.16,2021-01-22
U00786,organic,5,1,39,69,13,2,57.78,2021-03-09
U00787,referral,4,3,32,68,4,1,43.56,2021-01-04
U00788,organic,3,2,7,122,10,3,24.46,2021-03-24
U00789,referral,4,2,43,109,19,4,51.58,2021-01-29
U00790,<Other>,2,1,31,110,2,2,21.49,2021-02-27
U00791,<Other>,3,2,21,105,15,2,69.11,2021-02-27
U00792,<Other>,4,2,19,32,19,2,76.3,2021-02-23
U00793,referral,2,3,43,26,7,1,68.6,2021-01-28
U00794,(direct),1,3,26,61,19,3,77.09,2021-03-18
U00795,cpc,2,3,24,159,14,2,73.83,2021-02-08
U00796,<Other>,5,2,31,32,13,1,73.7,2021-02-26
U00797,cpc,3,3,39,31,13,3,34.73,2021-03-05
U00798,<Other>,4,1,9,57,7,4,33.87,2021-01-30
U00799,organic,4,3,6,22,23,2,68.57,2021-03-27
U00800,<Other>,5,3,24,81,0,1,49.48,2021-02-19
U00801,organic,3,2,11,56,15,2,76.54,2021-02-23
U00802,organic,3,3,40,43,11,1,73.84,2021-01-23
U00803,referral,5,1,12,111,13,4,73.59,2021-01-18
U00804,organic,3,3,31,87,8,3,39.57,2021-03-22
U00805,referral,5,3,10,83,13,2,27.97,2021-02-23
U00806,referral,2,1,28,37,12,4,60.68,2021-01-28
U00807,organic,5,1,40,87,18,4,46.43,2021-01-08
U00808,cpc,4,3,9,77,21,4,76.04,2021-02-01
U00809,(direct),1,2,24,142,15,1,71.23,2021-01-06
U00810,<Other>,2,1,24,64,18,1,75.73,2021-03-13
U00811,organic,4,1,44,72,16,1,54.07,2021-03-27
U00812,referral,2,2,38,46,22,3,51.57,2021-02-09
U00813,organic,4,1,43,137,4,4,70.83,2021-02-20
U00814,referral,3,1,14,55,2,1,50.71,2021-02-16
U00815,referral,5,2,7,119,22,2,74.0,2021-03-11
U00816,(direct),4,3,38,125,0,3,22.07,2021-03-09
U00817,cpc,4,2,39,120,21,2,41.53,2021-01-07
U00818,cpc,3,3,41,130,6,1,70.09,2021-01-27
U00819,referral,1,1,42,33,6,4,32.6,2021-03-07
U00820,referral,1,1,27,22,20,1,43.94,2021-02-23
U00821,(direct),5,3,41,53,22,2,20.6,2021-01-14
U00822,organic,3,2,25,67,16,2,38.1,2021-01-22
U00823,organic,2,1,31,91,6,3,39.12,2021-03-10
U00824,organic,4,2,5,124,12,1,63.95,2021-02-25
U00825,organic,5,3,13,54,12,4,60.64,2021-03-23
U00826,referral,1,3,7,116,9,3,46.7,2021-03-01
U00827,organic,2,3,42,128,19,1,63.71,2021-02-20
U00828,(direct),3,2,40,128,1,4,45.7,2021-01-16
U00829,cpc,4,2,38,52,5,2,46.08,2021-01-06
U00830,cpc,4,3,34,134,6,4,58.73,2021-01-01
U00831,<Other>,1,1,35,73,12,3,63.37,2021-01-12
U00832,<Other>,1,3,34,58,22,1,70.81,2021-01-24
U00833,<Other>,5,1,20,129,7,2,65.08,2021-03-16
U00834,organic,4,1,33,57,20,3,60.22,2021-02-12
U00835,organic,4,1,10,92,12,3,53.69,2021-02-03
U00836,(direct),4,2,18,131,10,3,38.49,2021-02-26
U00837,referral,4,1,14,120,9,2,35.67,2021-01-21
U00838,organic,2,1,28,66,23,3,70.6,2021-02-09
U00839,referral,3,3,40,145,3,1,63.04,2021-02-02
U00840,(direct),2,1,28,84,9,2,59.92,2021-02-02
U00841,(direct),3,1,11,119,16,3,35.53,2021-01-28
U00842,referral,2,3,41,61,7,2,78.19,2021-03-06
U00843,<Other>,5,2,44,121,19,1,24.88,2021-03-17
U00844,referral,3,1,42,74,4,3,70.3,2021-02-15
U00845,referral,4,2,29,78,19,2,32.65,2021-02-02
U00846,organic,3,3,38,93,14,2,43.54,2021-03-10
U00847,<Other>,4,2,5,70,22,4,45.67,2021-03-07
U00848,referral,5,1,32,158,9,1,59.76,2021-02-05
U00849,organic,3,2,33,55,18,1,52.8,2021-03-29
U00850,referral,1,2,36,61,17,4,31.17,2021-02-23
U00851,referral,4,3,9,121,11,2,21.8,2021-02-19
U00852,referral,3,3,38,118,1,3,63.03,2021-02-20
U00853,organic,2,3,30,147,6,3,50.3,2021-02-21
U00854,referral,3,3,17,32,10,2,41.71,2021-01-21
U00855,organic,4,3,16,118,14,1,37.07,2021-01-30
U00856,<Other>,1,3,26,71,11,4,69.38,2021-01-15
U00857,organic,1,3,13,159,9,3,67.73,2021-01-09
U00858,<Other>,2,3,10,159,12,3,69.56,2021-02-01
U00859,cpc,5,2,40,81,21,1,33.15,2021-03-13
U00860,referral,1,3,14,139,1,1,71.12,2021-01-23
U00861,organic,5,2,41,112,23,1,79.13,2021-01-27
U00862,referral,4,1,36,63,14,4,55.95,2021-02-11
U00863,(direct),3,3,8,151,21,2,22.83,2021-01-08
U00864,organic,5,1,8,142,7,4,62.14,2021-01-11
U00865,organic,4,3,17,109,5,2,52.29,2021-01-21
U00866,(direct),4,1,20,155,3,4,62.72,2021-02-13
U00867,<Other>,4,2,30,67,7,2,31.29,2021-02-08
U00868,referral,2,3,37,155,19,1,56.35,2021-02-02
U00869,cpc,2,2,8,79,21,2,52.35,2021-03-08
U00870,referral,5,1,30,43,4,1,56.15,2021-02-24
U00871,organic,4,2,13,36,19,4,63.66,2021-01-13
U00872,referral,5,3,15,84,22,2,52.65,2021-02-05
U00873,organic,1,2,9,125,7,2,39.31,2021-03-28
U00874,referral,5,2,42,74,13,3,38.54,2021-01-26
U00875,organic,3,1,36,96,21,1,61.7,2021-03-15
U00876,organic,4,1,33,80,16,3,59.83,2021-02-07
U00877,cpc,5,3,42,50,22,4,45.32,2021-01-23
U00878,organic,2,1,44,120,19,4,41.21,2021-01-08
U00879,cpc,3,2,32,47,1,1,57.21,2021-01-14
U00880,organic,5,1,28,51,18,4,38.73,2021-01-24
U00881,organic,5,3,23,26,3,4,77.8,2021-03-23
U00882,organic,5,1,5,33,13,2,55.79,2021-02-09
U00883,organic,2,3,9,92,6,2,55.52,2021-01-25
U00884,organic,5,3,27,89,15,2,28.18,2021-03-25
U00885,organic,1,2,23,49,9,1,56.58,2021-01-25
U00886,referral,1,2,6,31,10,1,37.7,2021-01-17
U00887,organic,1,2,6,22,21,2,47.11,2021-01-04
U00888,organic,5,3,13,86,4,4,52.29,2021-03-26
U00889,referral,3,1,22,105,11,3,48.68,2021-03-25
U00890,referral,2,1,20,134,23,2,68.56,2021-03-22
U00891,organic,1,3,43,127,23,2,25.97,2021-02-10
U00892,organic,1,3,13,101,23,4,30.04,2021-03-01
U00893,organic,3,1,27,23,14,4,29.42,2021-03-28
U00894,cpc,1,1,37,39,23,2,69.01,2021-03-26
U00895,cpc,2,3,42,64,23,2,27.09,2021-02-12
U00896,organic,3,1,38,114,9,3,78.29,2021-02-23
U00897,(direct),4,1,30,149,22,3,78.15,2021-02-21
U00898,(direct),2,3,21,113,1,4,79.51,2021-01-21
U00899,organic,2,3,18,50,17,3,78.78,2021-01-24
U00900,organic,5,2,17,47,10,4,28.94,2021-02-06
U00901,organic,4,2,26,92,4,1,59.45,2021-03-23
U00902,<Other>,4,1,22,78,5,2,43.98,2021-02-13
U00903,referral,3,3,24,158,12,1,63.91,2021-03-24
U00904,organic,1,1,34,68,16,2,44.36,2021-01-05
U00905,(direct),4,3,39,137,15,3,42.99,2021-03-02
U00906,referral,3,1,37,36,22,2,74.24,2021-02-13
U00907,cpc,4,1,21,145,22,4,49.67,2021-01-06
U00908,<Other>,2,3,39,151,23,4,64.39,2021-03-19
U00909,<Other>,4,2,16,100,0,3,59.0,2021-01-03
U00910,organic,1,2,6,125,12,4,59.46,2021-03-06
U00911,referral,3,3,38,109,9,2,40.95,2021-01-31
U00912,cpc,1,1,16,103,12,2,35.15,2021-02-24
U00913,organic,5,1,30,61,19,3,73.13,2021-02-14
U00914,organic,1,1,36,67,20,2,21.48,2021-03-15
U00915,organic,1,3,25,61,17,3,30.38,2021-02-24
U00916,<Other>,3,2,9,73,17,3,27.97,2021-03-01
U00917,<Other>,2,3,32,116,3,4,76.96,2021-01-31
U00918,<Other>,4,2,27,156,2,4,20.3,2021-03-22
U00919,(direct),4,2,36,27,15,2,20.48,2021-02-08
U00920,organic,3,3,9,131,6,4,33.6,2021-02-17
U00921,referral,3,2,39,129,6,3,36.75,2021-03-21
U00922,referral,2,2,10,89,1,1,53.59,2021-01-27
U00923,referral,2,2,23,156,15,4,77.67,2021-01-16
U00924,<Other>,5,1,44,130,4,4,47.9,2021-02-21
U00925,referral,4,3,10,130,20,1,37.33,2021-01-04
U00926,referral,4,1,18,24,7,2,69.02,2021-02-11
U00927,referral,5,3,7,91,7,3,43.15,2021-02-23
U00928,<Other>,3,1,15,83,10,1,28.5,2021-01-09
U00929,organic,4,2,43,54,19,1,67.67,2021-01-25
U00930,(direct),1,1,28,79,9,3,20.14,2021-03-29
U00931,organic,3,1,22,108,0,1,32.31,2021-02-27
U00932,organic,3,3,35,119,5,1,58.11,2021-01-18
U00933,organic,2,3,14,58,6,4,26.15,2021-02-13
U00934,cpc,5,1,30,132,16,2,35.35,2021-03-31
U00935,(direct),3,3,33,153,23,2,43.6,2021-03-15
U00936,(direct),2,2,6,107,15,4,43.79,2021-02-18
U00937,cpc,1,2,34,138,13,4,78.37,2021-02-13
U00938,referral,1,2,43,37,23,3,60.53,2021-03-16
U00939,referral,4,3,14,131,2,3,22.22,2021-03-19
U00940,(direct),5,3,16,20,8,1,33.28,2021-02-07
U00941,organic,5,1,24,36,9,2,56.99,2021-03-06
U00942,referral,2,3,23,140,2,3,62.81,2021-03-22
U00943,cpc,4,1,10,133,11,1,42.84,2021-03-22
U00944,organic,5,3,27,153,3,2,71.39,2021-01-10
U00945,organic,4,3,23,77,11,3,76.61,2021-03-04
U00946,referral,2,1,35,91,21,2,56.84,2021-02-15
U00947,(direct),4,2,37,142,22,1,53.74,2021-01-02
U00948,(direct),3,3,6,143,12,4,65.05,2021-01-20
U00949,referral,3,1,19,67,23,1,66.92,2021-01-03
U00950,(direct),3,3,15,75,6,4,32.93,2021-02-05
U00951,organic,3,3,30,156,18,4,49.01,2021-01-05
U00952,cpc,1,3,22,140,17,1,46.85,2021-01-20
U00953,organic,1,3,5,50,17,4,76.49,2021-01-03
U00954,<Other>,5,3,36,84,8,2,26.71,2021-01-03
U00955,<Other>,1,1,8,124,6,3,76.61,2021-03-11
U00956,organic,4,3,26,80,6,3,54.36,2021-03-29
U00957,(direct),4,1,40,157,20,1,37.28,2021-02-16
U00958,organic,1,1,33,145,12,1,72.16,2021-02-06
U00959,<Other>,4,2,40,96,5,1,23.03,2021-01-08
U00960,organic,5,1,37,42,6,1,39.14,2021-03-21
U00961,<Other>,2,1,43,146,12,2,65.15,2021-01-01
U00962,organic,1,2,18,112,19,1,69.66,2021-03-19
U00963,referral,3,3,41,77,5,1,30.05,2021-02-14
U00964,(direct),4,2,9,116,16,3,76.51,2021-03-15
U00965,<Other>,4,3,26,149,22,2,23.22,2021-01-10
U00966,<Other>,2,3,9,31,19,1,46.01,2021-03-27
U00967,<Other>,5,1,41,123,17,2,25.85,2021-03-09
U00968,referral,4,3,42,111,19,1,25.86,2021-02-12
U00969,(direct),3,2,38,54,7,2,74.83,2021-03-28
U00970,<Other>,2,2,19,93,17,1,74.24,2021-02-10
U00971,referral,4,3,41,130,14,1,56.92,2021-01-12
U00972,<Other>,3,2,31,127,0,2,77.98,2021-01-08
U00973,(direct),4,2,5,140,0,1,49.46,2021-02-14
U00974,<Other>,3,1,33,83,6,1,66.97,2021-03-29
U00975,organic,2,1,12,37,15,2,25.84,2021-01-01
U00976,cpc,5,1,37,158,22,3,43.74,2021-01-26
U00977,<Other>,1,3,11,84,19,4,50.91,2021-03-27
U00978,organic,1,1,33,23,13,3,66.69,2021-03-30
U00979,(direct),5,2,35,26,20,1,40.07,2021-01-31
U00980,organic,4,1,42,94,11,2,78.82,2021-02-25
U00981,referral,2,2,12,74,4,3,64.09,2021-02-06
U00982,organic,3,1,35,141,6,2,51.98,2021-03-16
U00983,organic,2,2,41,46,11,3,39.85,2021-01-04
U00984,referral,5,1,19,159,18,4,58.52,2021-03-13
U00985,referral,4,1,36,155,4,1,60.38,2021-02-13
U00986,organic,4,1,30,135,6,2,60.75,2021-03-30
U00987,referral,5,1,15,42,6,1,55.17,2021-02-18
U00988,organic,2,2,27,45,12,1,44.03,2021-03-28
U00989,<Other>,1,1,38,25,19,4,69.0,2021-02-09
U00990,(direct),2,3,37,140,16,4,35.5,2021-03-09
U00991,referral,4,1,21,78,4,1,57.52,2021-03-12
U00992,<Other>,4,1,37,27,13,2,48.3,2021-01-10
U00993,<Other>,5,3,6,59,10,4,73.57,2021-03-11
U00994,cpc,2,2,8,103,19,4,55.43,2021-01-04
U00995,organic,1,3,16,77,18,4,71.34,2021-01-21
U00996,organic,2,2,33,135,22,3,77.2,2021-02-11
U00997,(direct),4,3,43,150,3,4,27.62,2021-03-25
U00998,organic,2,3,23,98,21,1,53.31,2021-03-22
U00999,organic,4,3,6,84,16,2,73.04,2021-01-06
U01000,organic,4,2,11,76,16,3,72.32,2021-01-11
U01001,referral,3,1,26,36,2,4,31.75,2021-03-23
U01002,referral,1,1,15,71,13,1,48.88,2021-03-14
U01003,referral,5,3,37,77,20,3,33.39,2021-01-12
U01004,organic,1,2,24,95,5,3,73.81,2021-01-31
U01005,organic,2,2,9,122,9,2,20.19,2021-01-31
U01006,organic,3,1,8,45,16,4,33.1,2021-02-12
U01007,referral,4,2,18,46,1,2,44.54,2021-02-27
U01008,referral,1,2,7,43,11,2,33.27,2021-02-19
U01009,organic,4,3,22,100,23,3,78.41,2021-03-21
U01010,organic,4,2,31,158,20,4,34.64,2021-02-10
U01011,<Other>,3,2,8,105,15,3,41.74,2021-03-17
U01012,<Other>,1,3,7,155,15,2,30.44,2021-03-18
U01013,organic,3,1,31,51,2,3,75.6,2021-02-05
U01014,referral,4,1,32,48,17,3,44.68,2021-03-18
U01015,referral,1,2,26,125,6,3,35.71,2021-02-13
U01016,organic,4,3,33,115,9,2,34.77,2021-03-07
U01017,(direct),4,1,20,140,7,1,55.14,2021-01-15
U01018,organic,1,2,39,123,17,1,78.66,2021-03-18
U01019,organic,5,1,23,152,16,2,78.45,2021-02-03
U01020,organic,3,2,34,147,2,4,78.9,2021-03-31
U01021,<Other>,2,1,19,108,7,3,43.2,2021-03-11
U01022,<Other>,4,3,9,61,19,2,74.87,2021-03-26
U01023,referral,3,3,35,29,4,1,46.66,2021-02-13
U01024,cpc,3,1,35,45,19,2,50.63,2021-02-02
U01025,organic,1,3,13,95,11,1,51.19,2021-03-20
U01026,(direct),1,1,17,58,5,4,23.82,2021-01-06
U01027,organic,1,1,25,71,22,1,30.62,2021-02-09
U01028,organic,3,3,35,142,23,4,73.17,2021-01-06
U01029,(direct),1,2,5,77,9,4,73.78,2021-03-16
U01030,(direct),2,3,17,95,9,4,32.12,2021-01-14
U01031,referral,3,2,38,119,0,2,38.16,2021-03-26
U01032,referral,1,2,40,37,8,2,69.79,2021-03-25
U01033,(direct),4,2,20,61,17,4,32.25,2021-01-05
U01034,<Other>,3,1,14,21,2,1,72.85,2021-02-14
U01035,<Other>,5,2,42,52,0,3,69.39,2021-02-28
U01036,organic,5,2,38,78,9,3,68.45,2021-03-14
U01037,<Other>,3,3,29,119,2,1,73.5,2021-02-12
U01038,organic,3,1,5,92,17,3,73.22,2021-02-22
U01039,referral,5,1,16,104,6,1,75.03,2021-01-27
U01040,organic,4,2,26,41,6,1,72.77,2021-03-10
U01041,organic,4,3,26,36,21,4,56.42,2021-03-10
U01042,referral,4,2,6,150,9,1,29.46,2021-02-17
U01043,organic,2,1,12,51,12,2,56.55,2021-03-20
U01044,organic,2,3,37,52,3,2,76.53,2021-03-14
U01045,organic,4,1,9,29,11,2,78.06,2021-01-25
U01046,(direct),5,1,14,24,2,1,63.71,2021-01-08
U01047,organic,2,1,7,87,22,2,61.63,2021-03-19
U01048,organic,1,1,15,121,15,4,76.31,2021-02-01
U01049,referral,2,1,34,92,10,4,37.48,2021-03-02
U01050,<Other>,5,3,32,71,2,3,29.06,2021-03-28
U01051,referral,5,3,9,27,7,3,37.4,2021-01-01
U01052,(direct),3,1,16,117,6,4,76.94,2021-01-31
U01053,organic,5,2,33,49,13,2,32.74,2021-03-12
U01054,referral,4,2,30,93,1,4,33.48,2021-01-15
U01055,<Other>,5,1,33,97,9,2,31.58,2021-03-11
U01056,cpc,2,3,33,143,2,1,49.09,2021-01-16
U01057,organic,2,2,18,78,23,2,67.78,2021-03-19
U01058,referral,2,3,40,81,10,2,42.91,2021-03-22
U01059,(direct),5,3,39,48,18,2,26.01,2021-03-15
U01060,<Other>,4,2,12,112,7,1,64.41,2021-03-13
U01061,organic,4,2,20,81,19,4,56.59,2021-02-26
U01062,organic,3,3,9,154,4,3,48.75,2021-01-11
U01063,<Other>,1,2,20,153,8,1,77.85,2021-01-18
U01064,organic,4,1,17,81,12,2,48.23,2021-02-14
U01065,referral,2,2,12,87,10,2,63.95,2021-01-20
U01066,organic,3,3,30,36,1,3,29.51,2021-03-21
U01067,organic,4,3,9,159,11,2,44.99,2021-03-28
U01068,<Other>,4,3,13,76,2,4,32.74,2021-01-14
U01069,<Other>,1,3,42,107,14,1,40.89,2021-03-17
U01070,referral,1,3,6,81,0,1,48.78,2021-01-27
U01071,organic,1,3,11,117,23,1,30.47,2021-03-18
U01072,<Other>,4,1,34,97,10,1,68.18,2021-03-21
U01073,organic,4,3,21,46,9,4,42.56,2021-03-29
U01074,referral,2,3,35,152,2,4,73.8,2021-03-17
U01075,organic,5,1,5,59,13,2,60.48,2021-01-09
U01076,referral,1,3,32,156,20,1,30.6,2021-01-13
U01077,referral,2,3,34,32,15,2,58.52,2021-02-14
U01078,<Other>,2,1,35,63,8,1,21.39,2021-01-08
U01079,<Other>,3,2,28,135,13,4,68.44,2021-02-25
U01080,referral,2,2,35,137,20,3,78.45,2021-03-23
U01081,organic,1,3,15,114,0,3,60.67,2021-01-07
U01082,organic,5,2,20,66,0,1,75.59,2021-03-18
U01083,organic,2,2,13,103,3,4,37.69,2021-01-15
U01084,<Other>,4,1,34,59,22,3,45.42,2021-02-25
U01085,organic,4,2,16,90,22,3,45.48,2021-03-25
U01086,organic,2,3,20,125,22,3,26.72,2021-02-25
U01087,referral,1,1,37,114,21,4,67.79,2021-02-06
U01088,organic,5,2,10,42,0,3,49.7,2021-03-05
U01089,<Other>,5,3,5,66,18,2,49.43,2021-01-17
U01090,referral,1,1,17,63,20,1,60.11,2021-01-21
U01091,organic,4,3,41,101,11,3,30.26,2021-03-19
U01092,referral,4,2,39,31,19,4,68.61,2021-03-27
U01093,cpc,3,3,30,113,3,2,41.95,2021-02-21
U01094,(direct),2,2,13,98,8,3,24.78,2021-02-02
U01095,<Other>,2,2,21,100,6,2,31.42,2021-03-18
U01096,organic,4,2,42,139,13,4,35.17,2021-01-12
U01097,organic,2,2,39,120,22,1,30.68,2021-02-15
U01098,referral,1,2,29,132,2,2,34.53,2021-03-11
U01099,referral,5,1,11,46,14,1,79.75,2021-03-16
U01100,organic,3,2,35,37,10,4,52.26,2021-03-28
U01101,(direct),1,1,36,83,9,2,56.18,2021-03-12
U01102,<Other>,1,3,23,28,19,4,29.96,2021-02-26
U01103,cpc,1,3,21,137,14,2,22.64,2021-01-20
U01104,organic,2,1,10,142,16,4,38.62,2021-03-09
U01105,organic,5,1,29,44,18,4,66.19,2021-03-26
U01106,referral,3,3,37,132,10,3,53.53,2021-02-13
U01107,<Other>,4,1,23,148,19,3,20.65,2021-01-30
U01108,(direct),1,1,19,78,15,4,67.33,2021-01-25
U01109,cpc,1,2,39,37,3,2,26.24,2021-01-31
U01110,organic,1,3,36,66,6,2,46.42,2021-01-02
U01111,cpc,4,1,42,98,10,2,79.97,2021-03-25
U01112,organic,2,1,40,41,19,4,27.28,2021-02-23
U01113,referral,2,1,36,107,23,1,68.9,2021-01-14
U01114,<Other>,5,2,36,84,16,2,67.95,2021-01-23
U01115,referral,2,3,44,158,18,1,46.7,2021-03-10
U01116,organic,2,3,40,126,9,1,79.3,2021-02-21
U01117,cpc,3,1,38,109,14,4,38.48,2021-03-24
U01118,cpc,3,1,14,57,5,1,38.95,2021-02-19
U01119,referral,2,2,37,145,12,1,29.14,2021-03-12
U01120,<Other>,3,1,14,68,2,1,42.19,2021-03-26
U01121,organic,5,1,39,124,7,1,37.78,2021-02-02
U01122,organic,2,2,26,76,6,4,56.27,2021-03-25
U01123,<Other>,3,1,27,33,4,4,22.44,2021-01-09
U01124,referral,4,3,11,102,17,1,38.62,2021-01-08
U01125,(direct),3,3,25,27,20,4,20.28,2021-03-16
U01126,organic,3,3,5,42,15,2,20.38,2021-01-07
U01127,organic,4,2,17,63,8,1,69.22,2021-01-21
U01128,organic,5,2,13,85,10,2,64.99,2021-02-22
U01129,(direct),4,3,24,22,20,2,64.65,2021-01-15
U01130,<Other>,5,3,14,88,18,1,41.22,2021-03-13
U01131,organic,4,2,30,101,13,2,61.95,2021-02-21
U01132,organic,5,1,5,20,6,4,35.39,2021-03-17
U01133,organic,5,1,21,40,11,2,38.56,2021-03-10
U01134,referral,1,2,21,102,18,1,53.75,2021-03-13
U01135,organic,1,3,43,75,7,2,61.98,2021-02-06
U01136,organic,3,2,16,121,20,4,35.94,2021-03-19
U01137,referral,4,3,19,149,4,2,60.76,2021-01-04
U01138,<Other>,5,2,5,50,5,4,77.75,2021-03-20
U01139,organic,1,2,36,33,10,3,49.63,2021-03-25
U01140,<Other>,3,2,15,95,21,3,44.43,2021-03-02
U01141,referral,3,2,9,32,2,1,33.95,2021-01-22
U01142,organic,3,2,22,107,10,1,41.37,2021-02-18
U01143,referral,1,2,22,114,22,1,51.73,2021-02-05
U01144,referral,2,3,27,133,11,1,76.65,2021-03-04
U01145,referral,3,3,11,113,0,1,35.65,2021-02-07
U01146,organic,2,1,30,119,3,4,33.89,2021-02-09
U01147,organic,2,2,5,89,19,3,77.64,2021-03-05
U01148,(direct),2,1,32,145,0,3,56.35,2021-03-09
U01149,organic,3,1,24,137,5,2,64.12,2021-02-25
U01150,cpc,5,2,27,146,1,3,69.78,2021-01-14
U01151,organic,2,2,36,89,12,1,24.91,2021-01-02
U01152,(direct),1,1,42,75,15,4,49.09,2021-03-04
U01153,(direct),1,1,43,107,10,4,28.41,2021-01-19
U01154,<Other>,2,2,22,32,13,4,57.46,2021-03-19
U01155,referral,2,2,37,154,5,3,77.22,2021-03-12
U01156,referral,2,2,29,128,15,2,23.38,2021-01-09
U01157,organic,1,3,36,121,16,1,36.45,2021-02-02
U01158,organic,4,1,32,121,9,4,79.98,2021-03-29
U01159,organic,5,1,17,22,20,4,20.33,2021-03-02
U01160,referral,4,1,23,82,21,1,28.37,2021-03-26
U01161,(direct),1,3,7,128,12,2,24.85,2021-02-13
U01162,organic,1,1,31,31,12,3,65.84,2021-03-06
U01163,organic,3,2,21,74,1,2,65.06,2021-03-26
U01164,referral,4,3,33,137,0,1,66.66,2021-02-26
U01165,organic,2,1,37,143,22,1,66.49,2021-01-24
U01166,organic,2,3,32,110,0,4,70.11,2021-02-13
U01167,organic,1,3,24,88,6,3,66.37,2021-03-09
U01168,<Other>,3,2,38,74,12,2,49.01,2021-01-06
U01169,(direct),4,3,20,94,16,3,64.73,2021-03-08
U01170,organic,3,2,43,79,8,1,55.86,2021-02-03
U01171,(direct),5,2,6,61,12,4,41.99,2021-01-25
U01172,<Other>,3,1,32,153,15,4,70.19,2021-01-27
U01173,organic,5,2,21,88,4,2,67.28,2021-01-18
U01174,organic,4,1,24,41,21,2,30.41,2021-01-05
U01175,<Other>,2,1,22,84,6,3,21.47,2021-03-29
U01176,organic,5,1,32,103,0,1,38.96,2021-03-26
U01177,<Other>,2,2,32,107,7,2,44.23,2021-02-13
U01178,referral,3,1,20,66,5,3,30.46,2021-01-05
U01179,organic,3,2,37,43,11,4,71.31,2021-03-02
U01180,referral,4,2,25,91,1,1,22.01,2021-01-06
U01181,<Other>,2,1,9,117,0,4,49.02,2021-03-16
U01182,referral,4,2,41,58,14,1,23.33,2021-02-08
U01183,<Other>,5,1,22,74,16,1,52.2,2021-01-08
U01184,organic,3,1,9,135,19,3,47.82,2021-03-16
U01185,(direct),3,1,15,96,2,4,66.81,2021-03-25
U01186,organic,3,3,26,127,5,1,61.38,2021-02-12
U01187,<Other>,3,2,27,77,15,4,70.64,2021-03-27
U01188,<Other>,3,3,30,120,9,3,52.66,2021-02-10
U01189,referral,5,3,31,110,12,1,69.35,2021-03-17
U01190,organic,5,2,7,107,7,3,63.15,2021-03-10
U01191,referral,4,2,6,150,16,3,66.77,2021-01-30
U01192,referral,1,1,21,146,6,2,56.04,2021-02-28
U01193,referral,3,3,7,27,23,4,63.17,2021-01-23
U01194,<Other>,3,2,7,34,4,3,44.1,2021-02-26
U01195,organic,1,1,44,22,7,2,25.1,2021-01-25
U01196,organic,4,2,20,128,0,4,45.0,2021-02-17
U01197,referral,5,2,16,158,1,1,30.4,2021-03-11
U01198,organic,3,1,5,28,3,1,57.76,2021-02-11
U01199,referral,4,2,8,23,0,3,35.79,2021-01-29
U01200,referral,1,1,21,132,20,1,77.49,2021-03-26
U01201,<Other>,5,3,23,99,9,4,36.27,2021-03-12
U01202,referral,5,1,8,153,2,1,25.89,2021-02-14
U01203,referral,4,2,43,24,1,3,72.84,2021-02-10
U01204,organic,2,3,24,68,6,4,44.86,2021-03-14
U01205,organic,2,3,43,102,1,1,41.35,2021-03-04
U01206,referral,2,1,8,88,5,1,73.12,2021-02-16
U01207,<Other>,1,1,21,139,7,4,59.21,2021-01-01
U01208,organic,2,1,19,31,2,4,51.93,2021-01-20
U01209,referral,4,3,32,73,20,1,39.63,2021-01-19
U01210,referral,5,1,20,123,18,2,37.55,2021-03-06
U01211,referral,4,2,10,99,8,1,54.77,2021-03-15
U01212,organic,4,3,32,92,0,4,50.08,2021-02-05
U01213,referral,3,1,36,20,7,4,36.56,2021-01-23
U01214,organic,1,3,21,156,5,3,31.04,2021-03-23
U01215,referral,5,2,29,37,22,3,69.08,2021-01-29
U01216,<Other>,3,2,43,121,1,1,61.26,2021-02-13
U01217,organic,1,2,21,104,22,3,79.6,2021-01-07
U01218,referral,5,1,19,134,13,4,50.95,2021-01-31
U01219,<Other>,3,1,22,82,0,3,79.66,2021-02-07
U01220,referral,2,3,24,22,6,3,47.65,2021-03-07
U01221,organic,4,1,27,131,10,3,52.1,2021-03-20
U01222,cpc,2,3,9,39,15,4,32.55,2021-01-22
U01223,<Other>,5,1,43,112,23,1,28.97,2021-03-16
U01224,organic,3,2,16,55,1,4,76.41,2021-02-23
U01225,organic,3,1,21,23,17,3,78.87,2021-02-23
U01226,referral,3,1,34,139,18,2,52.85,2021-03-24
U01227,organic,4,1,23,128,9,2,36.34,2021-01-06
U01228,<Other>,3,2,36,97,3,4,77.08,2021-03-14
U01229,<Other>,1,3,20,36,23,2,67.8,2021-03-03
U01230,organic,1,1,6,68,2,4,30.79,2021-01-29
U01231,referral,1,2,16,128,12,1,37.9,2021-02-12
U01232,<Other>,2,1,7,135,5,4,20.25,2021-03-08
U01233,organic,5,1,12,29,9,4,54.92,2021-03-03
U01234,<Other>,2,2,41,139,7,4,51.58,2021-01-13
U01235,organic,2,1,28,142,9,3,29.83,2021-03-05
U01236,organic,4,1,29,95,1,1,40.36,2021-02-16
U01237,organic,2,1,29,142,19,4,76.35,2021-03-01
U01238,organic,4,1,18,156,14,3,58.94,2021-01-15
U01239,referral,1,1,40,109,0,3,71.78,2021-01-05
U01240,(direct),1,2,19,20,10,3,70.3,2021-03-10
U01241,organic,2,2,36,25,23,3,75.24,2021-01-02
U01242,organic,2,1,6,130,0,3,22.49,2021-02-07
U01243,referral,1,1,25,120,21,1,35.75,2021-02-23
U01244,organic,3,3,8,158,15,1,44.93,2021-02-08
U01245,organic,1,2,33,88,11,2,58.41,2021-01-20
U01246,(direct),3,1,33,126,11,1,56.49,2021-01-20
U01247,referral,1,3,27,125,18,2,34.77,2021-01-29
U01248,<Other>,5,2,7,28,12,2,31.57,2021-02-04
U01249,organic,4,3,25,21,7,3,46.24,2021-02-01
U01250,referral,4,3,20,132,1,1,35.04,2021-01-17
U01251,referral,5,1,24,151,18,1,77.91,2021-02-20
U01252,<Other>,3,1,39,109,13,3,77.93,2021-01-08
U01253,organic,2,2,9,31,22,4,26.8,2021-01-21
U01254,<Other>,2,3,30,102,0,3,62.31,2021-01-23
U01255,organic,4,3,11,102,8,2,33.69,2021-02-20
U01256,(direct),2,1,20,112,18,1,63.05,2021-01-06
U01257,organic,3,2,21,58,13,1,66.03,2021-02-21
U01258,referral,2,1,6,78,3,2,22.89,2021-01-08
U01259,organic,1,2,16,147,1,2,61.72,2021-03-10
U01260,referral,5,3,17,91,9,2,73.81,2021-02-02
U01261,organic,4,2,9,153,14,3,32.98,2021-03-03
U01262,referral,2,3,20,47,0,4,26.93,2021-03-06
U01263,referral,3,2,32,94,10,2,54.01,2021-03-04
U01264,referral,2,1,12,60,15,2,51.05,2021-03-29
U01265,organic,5,1,32,91,12,3,73.15,2021-02-01
U01266,<Other>,1,1,12,107,7,2,47.07,2021-02-24
U01267,organic,4,2,33,72,8,2,44.81,2021-02-02
U01268,(direct),4,3,22,142,14,1,62.84,2021-02-07
U01269,<Other>,3,1,20,30,4,2,24.65,2021-01-02
U01270,referral,1,2,30,106,20,4,23.42,2021-03-22
U01271,organic,2,2,26,24,20,4,50.3,2021-01-10
U01272,organic,2,1,19,131,21,2,25.34,2021-03-07
U01273,referral,3,1,17,81,19,3,76.35,2021-03-17
U01274,organic,1,1,26,66,17,2,59.25,2021-01-15
U01275,cpc,3,1,25,56,1,1,65.22,2021-03-28
U01276,<Other>,5,2,28,130,21,4,33.73,2021-03-23
U01277,(direct),5,3,5,45,4,1,49.64,2021-03-02
U01278,referral,2,3,33,62,19,3,28.03,2021-01-31
U01279,(direct),5,2,5,80,15,1,32.19,2021-02-07
U01280,organic,3,3,5,147,15,3,54.09,2021-01-29
U01281,<Other>,4,2,13,88,21,4,36.79,2021-03-19
U01282,organic,5,2,25,145,3,1,75.03,2021-02-12
U01283,organic,3,2,18,146,19,1,79.71,2021-01-23
U01284,organic,4,3,32,52,21,2,20.24,2021-01-25
U01285,organic,4,2,22,83,10,3,65.55,2021-01-28
U01286,referral,5,2,37,112,19,2,26.92,2021-03-13
U01287,(direct),1,1,6,142,15,3,54.48,2021-03-24
U01288,organic,5,1,38,34,22,2,33.71,2021-01-01
U01289,referral,5,3,28,39,11,4,77.89,2021-01-20
U01290,organic,1,1,23,41,5,1,72.55,2021-01-29
U01291,organic,5,1,6,29,15,2,55.72,2021-01-08
U01292,organic,3,1,10,115,18,1,30.56,2021-03-03
U01293,(direct),1,2,19,156,10,3,66.96,2021-01-14
U01294,referral,3,1,15,50,11,3,51.22,2021-02-07
U01295,cpc,4,3,20,115,3,4,56.69,2021-01-03
U01296,referral,1,2,25,93,12,4,63.08,2021-01-03
U01297,<Other>,4,3,31,94,1,1,44.98,2021-02-24
U01298,referral,2,3,26,93,18,2,20.46,2021-03-19
U01299,cpc,2,3,7,156,10,4,41.85,2021-01-21
U01300,cpc,3,3,7,61,0,1,44.82,2021-02-04
U01301,referral,4,3,25,93,8,2,42.02,2021-02-13
U01302,organic,4,1,10,103,9,4,69.86,2021-02-13
U01303,organic,1,1,29,21,2,1,39.94,2021-02-12
U01304,<Other>,2,3,41,61,7,1,44.98,2021-02-10
U01305,organic,3,3,34,125,15,4,23.7,2021-01-27
U01306,referral,3,1,43,158,3,4,63.01,2021-01-28
U01307,referral,1,3,24,146,10,4,32.93,2021-01-05
U01308,<Other>,1,1,5,92,7,3,34.1,2021-02-12
U01309,organic,3,3,39,114,6,2,55.21,2021-03-04
U01310,cpc,1,3,30,109,19,4,79.01,2021-02-08
U01311,referral,4,2,25,140,14,2,44.61,2021-01-10
U01312,cpc,3,3,14,39,22,1,39.63,2021-03-04
U01313,referral,5,2,33,91,7,2,22.17,2021-01-09
U01314,referral,2,3,7,89,9,4,67.24,2021-03-25
U01315,(direct),2,2,17,136,18,1,35.68,2021-01-29
U01316,organic,5,1,13,71,4,4,66.13,2021-01-28
U01317,organic,5,3,20,44,2,4,36.94,2021-01-11
U01318,<Other>,4,1,32,85,6,1,21.79,2021-03-26
U01319,organic,3,2,32,47,5,2,49.89,2021-03-28
U01320,referral,1,2,15,108,16,2,74.36,2021-01-15
U01321,referral,2,2,34,39,9,1,32.64,2021-03-22
U01322,organic,5,2,15,89,20,4,29.24,2021-01-24
U01323,organic,3,1,33,56,19,2,31.09,2021-02-04
U01324,referral,1,2,16,35,14,2,61.42,2021-03-02
U01325,organic,2,3,12,119,1,4,42.04,2021-01-20
U01326,referral,3,2,14,97,0,2,35.36,2021-02-27
U01327,referral,2,1,39,33,11,2,40.26,2021-03-04
U01328,cpc,4,1,40,43,12,3,38.55,2021-03-16
U01329,organic,2,3,17,102,11,3,52.63,2021-03-01
U01330,organic,4,1,31,57,11,1,28.0,2021-02-08
U01331,referral,4,2,44,101,6,1,50.52,2021-01-20
U01332,referral,4,3,6,28,6,4,38.7,2021-03-27
U01333,cpc,1,3,32,140,5,3,75.96,2021-03-29
U01334,referral,1,1,38,78,12,1,45.31,2021-02-27
U01335,organic,4,3,25,70,20,3,26.0,2021-03-05
U01336,referral,3,2,10,128,8,1,76.02,2021-01-14
U01337,<Other>,4,2,43,70,15,2,76.25,2021-02-05
U01338,organic,3,1,30,38,1,2,30.53,2021-01-13
U01339,organic,2,2,40,81,10,4,68.99,2021-01-01
U01340,<Other>,1,2,44,29,2,3,71.72,2021-01-13
U01341,organic,3,1,22,150,8,3,41.34,2021-02-04
U01342,organic,3,2,43,106,11,3,29.57,2021-01-08
U01343,organic,3,1,9,92,1,3,67.91,2021-01-18
U01344,<Other>,5,1,30,102,18,2,21.7,2021-02-03
U01345,referral,1,1,15,112,5,2,57.16,2021-02-21
U01346,organic,5,3,20,34,22,3,40.52,2021-03-11
U01347,<Other>,2,2,23,125,17,4,55.76,2021-02-27
U01348,organic,3,2,9,119,12,3,67.33,2021-01-27
U01349,organic,1,2,11,95,13,1,69.72,2021-01-18
U01350,(direct),1,1,7,97,7,2,79.91,2021-02-26
U01351,cpc,1,1,29,134,8,2,58.41,2021-01-09
U01352,<Other>,3,2,14,114,12,3,33.41,2021-03-05
U01353,(direct),4,2,9,152,16,1,36.57,2021-03-20
U01354,<Other>,4,2,36,63,5,4,46.17,2021-01-23
U01355,organic,4,2,36,22,19,2,70.91,2021-02-28
U01356,organic,5,3,9,66,9,1,42.01,2021-03-08
U01357,referral,3,1,23,31,10,1,61.3,2021-03-14
U01358,organic,2,3,16,34,9,2,22.71,2021-01-22
U01359,referral,5,2,35,47,20,2,45.8,2021-02-19
U01360,referral,1,1,21,106,5,1,30.02,2021-01-23
U01361,cpc,4,3,26,94,5,4,76.31,2021-03-25
U01362,referral,1,3,26,113,14,1,67.49,2021-02-21
U01363,referral,5,1,30,31,6,2,28.32,2021-01-07
U01364,<Other>,4,3,35,73,11,3,44.11,2021-01-17
U01365,<Other>,3,2,10,102,19,4,24.84,2021-01-03
U01366,referral,4,3,16,51,8,1,64.79,2021-01-07
U01367,organic,4,3,31,148,0,2,31.48,2021-03-18
U01368,cpc,4,2,21,30,23,1,68.26,2021-02-10
U01369,referral,5,2,14,116,15,4,24.44,2021-01-23
U01370,cpc,4,3,9,74,17,4,54.38,2021-02-06
U01371,organic,5,2,8,49,22,4,56.49,2021-03-09
U01372,<Other>,1,1,43,87,6,4,40.06,2021-03-14
U01373,organic,3,1,19,75,17,4,29.85,2021-03-11
U01374,<Other>,4,2,6,108,7,2,39.43,2021-03-05
U01375,organic,5,2,12,117,21,1,49.73,2021-01-18
U01376,referral,4,1,20,36,14,1,78.15,2021-02-04
U01377,organic,4,1,24,32,5,3,46.82,2021-01-23
U01378,referral,4,3,28,159,20,4,31.36,2021-03-25
U01379,organic,2,3,39,143,11,1,21.55,2021-01-07
U01380,<Other>,3,3,21,51,14,4,20.49,2021-03-02
U01381,organic,3,3,9,106,23,1,45.0,2021-03-17
U01382,referral,5,1,18,112,14,1,37.78,2021-02-18
U01383,organic,1,1,18,53,9,2,26.9,2021-02-26
U01384,referral,1,1,35,102,8,2,30.33,2021-03-09
U01385,cpc,1,2,24,31,13,2,40.99,2021-01-12
U01386,organic,4,1,17,23,20,4,61.2,2021-01-15
U01387,organic,5,2,13,108,13,4,56.58,2021-01-02
U01388,organic,4,2,38,101,16,2,24.8,2021-02-16
U01389,referral,2,2,16,147,10,1,28.58,2021-03-16
U01390,organic,5,3,44,141,5,4,74.5,2021-02-25
U01391,<Other>,5,2,20,52,11,4,24.26,2021-01-14
U01392,referral,5,1,5,75,16,3,31.93,2021-01-27
U01393,(direct),2,1,20,81,4,1,39.08,2021-01-04
U01394,organic,5,1,10,50,5,1,33.81,2021-02-07
U01395,organic,2,1,24,43,2,3,37.45,2021-03-25
U01396,organic,1,1,10,88,0,3,63.66,2021-01-02
U01397,organic,5,1,39,117,17,3,25.7,2021-01-04
U01398,(direct),4,2,7,28,13,3,41.13,2021-01-24
U01399,referral,3,1,25,27,11,3,56.7,2021-01-09
U01400,organic,2,2,11,126,11,3,22.93,2021-01-19
U01401,referral,1,3,18,112,10,4,22.66,2021-03-03
U01402,<Other>,1,1,34,88,18,4,49.91,2021-03-13
U01403,organic,3,3,26,65,2,4,73.99,2021-02-10
U01404,referral,5,3,18,157,1,2,46.69,2021-03-18
U01405,organic,4,3,29,121,21,3,44.4,2021-03-13
U01406,referral,3,1,7,93,6,3,20.61,2021-03-19
U01407,organic,5,2,9,146,20,3,63.96,2021-02-19
U01408,referral,5,3,9,158,22,3,29.85,2021-03-15
U01409,referral,2,1,13,135,11,4,61.91,2021-03-25
U01410,referral,4,2,42,27,18,3,40.91,2021-03-06
U01411,(direct),4,3,41,87,20,2,22.7,2021-03-17
U01412,(direct),2,1,8,147,12,4,39.67,2021-03-25
U01413,organic,5,2,24,141,18,4,59.57,2021-03-17
U01414,organic,5,2,25,22,3,4,66.1,2021-01-12
U01415,organic,4,1,28,127,21,2,58.13,2021-02-08
U01416,organic,4,3,11,147,11,4,62.66,2021-01-29
U01417,referral,4,1,12,139,3,2,34.15,2021-02-27
U01418,organic,4,3,15,74,12,1,77.91,2021-03-08
U01419,referral,5,1,13,89,19,3,33.61,2021-03-12
U01420,organic,4,2,10,140,6,2,30.21,2021-03-28
U01421,organic,5,2,44,119,5,3,34.99,2021-03-18
U01422,<Other>,2,2,21,51,11,3,78.32,2021-03-16
U01423,organic,1,2,17,25,11,4,23.9,2021-01-25
U01424,organic,2,2,21,35,15,4,66.41,2021-03-25
U01425,organic,2,1,6,33,12,2,26.32,2021-02-18
U01426,organic,3,1,34,81,16,2,66.4,2021-03-04
U01427,<Other>,2,1,36,27,7,4,36.62,2021-01-27
U01428,referral,3,3,40,152,0,3,63.6,2021-03-11
U01429,referral,3,3,11,107,11,4,22.94,2021-03-11
U01430,<Other>,3,2,20,60,19,3,40.08,2021-02-27
U01431,<Other>,2,2,23,130,6,1,47.88,2021-01-09
U01432,organic,1,2,19,78,20,2,21.24,2021-03-26
U01433,organic,3,3,18,28,11,4,30.85,2021-03-23
U01434,organic,4,3,11,61,18,3,30.13,2021-01-01
U01435,organic,4,1,37,37,12,1,48.88,2021-03-17
U01436,referral,5,3,38,65,23,3,27.99,2021-03-06
U01437,organic,4,2,28,142,9,2,78.63,2021-01-24
U01438,organic,4,1,39,47,1,4,73.22,2021-01-19
U01439,referral,3,3,25,56,2,3,33.46,2021-01-14
U01440,referral,2,1,28,93,11,2,34.05,2021-01-14
U01441,<Other>,4,3,41,39,4,4,76.85,2021-03-31
U01442,organic,2,3,20,131,4,1,37.97,2021-03-21
U01443,referral,1,3,21,143,4,3,45.4,2021-03-29
U01444,organic,4,2,33,69,6,4,62.09,2021-02-01
U01445,(direct),1,3,22,152,7,4,40.64,2021-01-06
U01446,organic,1,2,15,92,23,4,74.15,2021-01-23
U01447,referral,5,1,7,62,18,2,55.34,2021-01-19
U01448,(direct),2,3,22,145,23,1,54.03,2021-03-30
U01449,organic,2,2,20,124,15,1,53.26,2021-03-30
U01450,<Other>,5,2,5,55,9,2,26.72,2021-01-02
U01451,organic,3,1,31,120,12,3,67.43,2021-03-15
U01452,organic,5,1,35,22,1,2,54.33,2021-02-10
U01453,organic,5,1,32,55,3,1,23.21,2021-02-22
U01454,(direct),5,3,44,131,1,2,71.02,2021-01-27
U01455,organic,1,3,31,64,20,1,63.77,2021-01-08
U01456,organic,2,1,13,119,2,1,37.33,2021-02-12
U01457,(direct),3,3,42,155,9,1,37.16,2021-02-02
U01458,referral,4,2,40,92,10,1,50.28,2021-02-12
U01459,referral,4,2,31,88,2,3,20.43,2021-03-24
U01460,referral,4,3,30,68,4,1,68.58,2021-01-30
U01461,organic,3,3,31,128,19,4,76.52,2021-02-03
U01462,<Other>,4,2,8,138,5,4,46.8,2021-03-19
U01463,<Other>,3,2,42,36,20,1,52.19,2021-01-20
U01464,organic,4,3,16,143,12,1,68.59,2021-03-28
U01465,organic,4,3,19,23,4,2,36.66,2021-03-03
U01466,<Other>,3,1,34,103,2,3,49.5,2021-03-20
U01467,organic,2,1,18,154,19,1,26.66,2021-01-02
U01468,referral,3,3,12,122,11,2,62.11,2021-03-29
U01469,referral,3,2,32,136,2,1,67.57,2021-03-29
U01470,<Other>,5,3,35,81,18,3,24.01,2021-03-21
U01471,organic,1,2,6,77,14,3,72.95,2021-03-09
U01472,<Other>,1,3,19,77,9,4,42.47,2021-03-20
U01473,organic,2,3,44,125,5,3,75.33,2021-03-24
U01474,organic,2,2,12,91,15,4,74.01,2021-01-19
U01475,referral,2,2,9,156,14,3,67.45,2021-02-04
U01476,organic,1,3,8,25,1,2,69.81,2021-01-20
U01477,cpc,2,2,16,38,16,3,37.36,2021-02-10
U01478,referral,2,2,14,105,15,2,42.04,2021-01-29
U01479,referral,3,3,8,130,2,4,34.4,2021-01-15
U01480,cpc,3,1,14,83,18,2,41.27,2021-03-25
U01481,(direct),1,1,33,154,3,4,53.71,2021-02-01
U01482,<Other>,3,2,32,137,19,3,71.84,2021-01-13
U01483,referral,2,3,33,43,4,2,52.83,2021-01-07
U01484,referral,3,2,23,142,12,2,61.8,2021-02-23
U01485,referral,5,3,17,27,19,4,28.15,2021-01-16
U01486,cpc,3,1,38,86,1,3,76.37,2021-01-10
U01487,organic,1,1,24,30,11,1,54.99,2021-02-25
U01488,organic,2,1,22,119,16,1,66.55,2021-03-07
U01489,referral,2,2,40,85,9,2,79.91,2021-02-07
U01490,organic,1,1,5,148,22,4,71.58,2021-02-22
U01491,organic,3,1,30,26,8,4,50.26,2021-03-23
U01492,referral,2,2,7,43,8,4,72.08,2021-02-03
U01493,organic,2,3,7,159,16,3,59.54,2021-03-26
U01494,organic,5,1,25,82,8,3,63.8,2021-03-26
U01495,referral,1,3,22,91,13,3,58.24,2021-01-01
U01496,referral,3,3,35,107,16,1,37.26,2021-03-20
U01497,organic,3,2,40,135,16,2,40.07,2021-03-15
U01498,referral,2,3,35,43,1,3,53.5,2021-02-28
U01499,cpc,4,3,12,57,14,2,72.44,2021-01-25
U01500,organic,5,2,29,29,10,4,47.15,2021-02-01
U01501,organic,5,3,24,107,21,3,52.43,2021-01-31
U01502,<Other>,5,1,15,46,4,3,42.15,2021-03-15
U01503,referral,2,2,44,49,8,3,21.09,2021-01-03
U01504,organic,1,2,5,147,8,2,58.61,2021-03-27
U01505,organic,1,2,25,136,13,1,53.96,2021-03-07
U01506,organic,5,1,21,21,7,1,78.7,2021-03-28
U01507,organic,4,3,32,27,10,4,50.48,2021-02-10
U01508,<Other>,4,3,22,67,11,2,52.1,2021-03-03
U01509,referral,3,3,33,83,6,3,36.94,2021-02-22
U01510,referral,4,1,14,126,2,1,25.98,2021-03-29
U01511,organic,5,3,13,149,2,4,62.45,2021-02-02
U01512,organic,3,3,38,146,13,1,68.5,2021-01-13
U01513,(direct),5,1,24,103,3,2,72.18,2021-02-08
U01514,<Other>,1,1,35,35,13,4,44.26,2021-01-29
U01515,<Other>,5,3,7,151,13,2,62.21,2021-01-25
U01516,organic,3,1,5,21,2,4,35.76,2021-01-19
U01517,referral,5,1,37,133,12,2,35.17,2021-03-06
U01518,referral,2,1,12,84,7,3,79.74,2021-01-16
U01519,(direct),3,2,22,45,23,3,70.97,2021-03-13
U01520,organic,4,2,34,49,5,2,35.37,2021-03-12
U01521,(direct),1,3,37,137,1,2,46.0,2021-03-26
U01522,cpc,4,3,26,57,5,1,53.9,2021-03-16
U01523,organic,5,1,21,44,19,1,20.78,2021-03-31
U01524,organic,4,3,13,144,13,4,77.56,2021-03-01
U01525,<Other>,3,2,26,71,6,2,26.53,2021-03-20
U01526,<Other>,2,3,14,102,16,2,69.03,2021-02-26
U01527,organic,4,3,37,110,2,2,78.56,2021-02-14
U01528,organic,5,2,43,157,13,1,62.25,2021-02-21
U01529,referral,4,2,7,80,23,1,78.0,2021-01-06
U01530,referral,4,1,21,130,0,3,21.18,2021-03-01
U01531,cpc,3,1,13,21,11,4,41.27,2021-02-06
U01532,(direct),5,1,44,100,2,1,48.59,2021-02-23
U01533,referral,5,3,40,154,18,4,66.98,2021-01-04
U01534,cpc,2,3,23,79,11,4,59.27,2021-03-24
U01535,organic,3,3,38,99,23,1,64.16,2021-02-16
U01536,referral,3,2,6,132,13,2,28.68,2021-03-26
U01537,organic,1,3,31,46,0,2,70.69,2021-02-06
U01538,<Other>,2,2,23,20,4,3,69.33,2021-03-23
U01539,organic,2,3,37,105,6,2,66.13,2021-02-11
U01540,organic,5,3,30,99,19,2,69.08,2021-02-17
U01541,(direct),5,2,38,79,18,1,32.82,2021-03-02
U01542,(direct),2,2,32,72,5,4,28.42,2021-03-03
U01543,organic,3,2,20,55,20,2,73.7,2021-02-24
U01544,organic,1,1,26,54,17,1,77.42,2021-02-06
U01545,(direct),5,1,32,52,5,4,45.46,2021-01-15
U01546,<Other>,1,3,18,88,10,1,46.82,2021-02-28
U01547,(direct),2,3,10,126,2,2,64.46,2021-03-04
U01548,referral,3,3,15,117,8,2,49.7,2021-03-07
U01549,organic,1,1,24,115,2,1,38.81,2021-02-11
U01550,organic,4,3,40,108,5,3,31.41,2021-01-31
U01551,referral,2,2,20,78,23,4,21.36,2021-01-06
U01552,(direct),3,2,10,80,8,4,55.26,2021-01-19
U01553,referral,2,1,12,46,7,2,28.53,2021-02-07
U01554,organic,2,2,40,131,1,1,71.5,2021-03-20
U01555,referral,1,2,8,109,18,1,78.97,2021-02-02
U01556,referral,1,3,38,34,23,2,47.46,2021-03-31
U01557,referral,4,2,24,128,15,1,26.93,2021-02-22
U01558,cpc,5,2,28,60,4,2,54.98,2021-01-30
U01559,organic,4,1,7,31,9,3,54.43,2021-03-16
U01560,organic,3,2,32,115,19,4,28.0,2021-03-06
U01561,<Other>,3,2,34,23,21,3,58.82,2021-01-14
U01562,organic,2,3,33,138,11,1,38.96,2021-01-10
U01563,organic,1,3,25,24,11,4,70.73,2021-01-17
U01564,organic,2,3,31,149,5,2,55.28,2021-03-16
U01565,<Other>,5,1,29,65,13,2,45.98,2021-01-15
U01566,organic,2,3,7,94,6,4,77.8,2021-03-17
U01567,organic,3,2,5,145,20,3,49.47,2021-01-03
U01568,referral,3,1,27,156,0,3,73.24,2021-01-22
U01569,organic,4,2,9,155,13,2,35.86,2021-02-25
U01570,cpc,2,2,35,77,14,1,46.51,2021-02-28
U01571,referral,1,3,29,122,12,2,25.03,2021-01-26
U01572,<Other>,5,1,39,82,23,1,45.37,2021-02-19
U01573,organic,5,1,5,92,0,1,73.67,2021-03-28
U01574,referral,1,3,19,113,19,4,69.77,2021-03-21
U01575,<Other>,5,1,43,41,18,4,78.54,2021-03-02
U01576,organic,1,2,28,113,18,2,64.98,2021-02-24
U01577,organic,1,1,38,136,5,4,36.29,2021-03-05
U01578,referral,4,2,22,93,23,2,29.65,2021-01-03
U01579,referral,2,1,29,83,4,4,30.77,2021-01-30
U01580,organic,3,1,40,66,21,3,59.68,2021-02-27
U01581,organic,3,3,5,110,21,3,42.93,2021-01-13
U01582,organic,2,3,13,40,16,3,44.84,2021-03-13
U01583,referral,5,1,35,50,14,4,71.63,2021-01-24
U01584,cpc,1,2,26,140,6,1,63.6,2021-03-10
U01585,referral,3,3,42,57,16,4,32.56,2021-01-07
U01586,referral,4,3,6,58,11,3,30.27,2021-02-20
U01587,referral,5,3,24,119,6,2,69.32,2021-02-23
U01588,referral,4,1,27,30,12,1,77.22,2021-02-20
U01589,organic,3,2,16,88,7,3,31.11,2021-01-27
U01590,organic,2,2,14,53,3,4,77.11,2021-01-12
U01591,<Other>,2,1,36,24,7,2,45.78,2021-02-10
U01592,referral,4,2,9,39,21,4,74.34,2021-03-30
U01593,referral,5,3,33,82,15,2,65.05,2021-02-02
U01594,referral,3,2,37,64,15,3,74.31,2021-03-20
U01595,<Other>,1,3,27,32,21,2,58.71,2021-01-31
U01596,referral,2,3,40,156,10,2,29.42,2021-01-11
U01597,(direct),4,1,17,152,8,2,23.62,2021-02-05
U01598,organic,3,3,6,113,21,3,57.63,2021-01-06
U01599,organic,5,2,15,111,10,2,23.5,2021-02-14
U01600,organic,1,2,32,120,4,4,34.16,2021-03-01
U01601,(direct),1,2,29,140,9,1,32.37,2021-03-31
U01602,<Other>,2,2,40,143,5,4,45.63,2021-03-13
U01603,organic,1,2,22,87,15,2,55.84,2021-02-06
U01604,referral,3,3,43,44,11,2,74.67,2021-01-30
U01605,referral,2,1,13,33,7,3,76.17,2021-02-07
U01606,organic,2,1,6,81,12,4,78.94,2021-01-16
U01607,organic,2,2,40,136,12,2,65.83,2021-03-20
U01608,organic,3,3,21,119,15,3,75.28,2021-02-07
U01609,<Other>,4,1,37,85,10,3,67.44,2021-02-22
U01610,organic,1,2,39,64,23,3,74.64,2021-01-08
U01611,referral,1,3,37,90,7,3,26.25,2021-01-09
U01612,referral,4,1,36,47,22,2,77.69,2021-01-21
U01613,(direct),2,3,24,78,12,2,34.07,2021-02-10
U01614,organic,5,2,34,27,0,3,54.11,2021-03-10
U01615,organic,3,3,26,29,19,3,51.01,2021-01-19
U01616,cpc,2,1,29,40,19,4,53.87,2021-03-21
U01617,<Other>,2,1,15,54,18,3,62.12,2021-01-18
U01618,cpc,2,3,38,23,3,3,52.38,2021-03-17
U01619,cpc,1,1,32,104,1,2,61.32,2021-03-21
U01620,referral,1,3,39,44,18,1,52.06,2021-01-05
U01621,organic,5,3,8,39,18,4,20.72,2021-03-08
U01622,cpc,3,2,13,115,9,2,57.64,2021-03-12
U01623,(direct),2,2,26,115,16,3,53.31,2021-02-01
U01624,organic,1,3,29,146,22,3,55.15,2021-03-19
U01625,organic,4,1,25,41,19,3,20.09,2021-03-29
U01626,organic,1,2,29,68,7,4,48.12,2021-02-17
U01627,<Other>,2,1,21,108,8,3,72.5,2021-02-02
U01628,organic,2,3,19,25,17,1,39.95,2021-03-10
U01629,cpc,1,1,11,31,1,4,46.69,2021-03-13
U01630,organic,4,1,36,47,17,4,27.35,2021-01-02
U01631,organic,4,3,12,38,7,3,47.01,2021-02-23
U01632,<Other>,2,2,7,62,1,4,43.75,2021-02-11
U01633,<Other>,1,2,37,118,21,4,72.98,2021-02-04
U01634,referral,3,1,40,55,15,1,22.13,2021-03-02
U01635,organic,3,3,21,116,4,2,77.07,2021-03-01
U01636,organic,2,3,5,104,9,1,54.58,2021-02-18
U01637,organic,4,2,40,61,8,2,51.78,2021-01-23
U01638,referral,3,3,44,110,1,1,73.17,2021-03-09
U01639,cpc,1,3,21,145,15,3,31.46,2021-02-04
U01640,organic,5,1,41,64,15,1,32.54,2021-01-14
U01641,organic,5,1,29,49,16,4,72.47,2021-01-22
U01642,referral,4,2,29,58,1,4,75.77,2021-01-30
U01643,(direct),5,2,17,49,4,4,70.27,2021-01-03
U01644,organic,1,1,17,128,7,3,22.48,2021-03-16
U01645,referral,2,3,16,107,23,1,59.12,2021-01-10
U01646,cpc,2,3,36,105,1,2,47.07,2021-03-08
U01647,organic,1,1,39,56,11,1,68.47,2021-02-10
U01648,<Other>,2,1,32,109,12,1,29.49,2021-02-17
U01649,<Other>,1,1,24,116,15,2,75.22,2021-02-19
U01650,referral,1,1,32,43,4,1,40.12,2021-03-10
U01651,referral,5,3,35,88,11,4,39.39,2021-02-27
U01652,(direct),5,3,28,107,14,2,30.71,2021-01-15
U01653,cpc,4,2,15,118,1,1,20.42,2021-02-17
U01654,referral,5,1,20,141,11,2,38.76,2021-01-06
U01655,<Other>,2,2,42,105,22,2,28.9,2021-01-04
U01656,referral,5,3,21,36,9,3,64.29,2021-01-23
U01657,organic,1,2,9,31,7,2,65.4,2021-02-14
U01658,organic,5,3,24,49,20,2,69.68,2021-03-06
U01659,referral,2,3,39,25,10,3,20.33,2021-02-25
U01660,referral,4,2,18,144,11,3,41.09,2021-03-04
U01661,<Other>,3,2,30,30,16,4,20.35,2021-01-15
U01662,organic,1,1,28,147,6,4,50.46,2021-01-04
U01663,cpc,2,3,35,143,14,2,74.54,2021-03-18
U01664,organic,2,1,22,79,18,3,44.47,2021-02-01
U01665,(direct),3,1,43,29,1,2,72.42,2021-01-09
U01666,referral,4,3,26,35,5,2,76.85,2021-03-30
U01667,referral,1,2,25,103,1,1,34.27,2021-02-26
U01668,referral,4,1,38,119,13,2,20.61,2021-03-08
U01669,organic,3,1,29,34,7,3,64.37,2021-02-08
U01670,<Other>,1,3,44,104,15,1,54.74,2021-02-09
U01671,organic,5,2,34,58,18,1,40.83,2021-01-16
U01672,organic,4,2,10,24,17,3,42.06,2021-03-22
U01673,referral,5,1,29,105,23,4,24.86,2021-01-10
U01674,organic,1,3,9,50,12,3,72.26,2021-02-22
U01675,referral,3,1,33,57,5,1,34.52,2021-03-06
U01676,organic,5,2,26,38,3,3,25.83,2021-02-19
U01677,organic,5,1,7,34,20,3,66.77,2021-01-29
U01678,cpc,2,3,34,133,9,4,49.1,2021-01-18
U01679,referral,1,1,28,107,14,2,65.77,2021-02-21
U01680,organic,3,2,21,28,22,3,74.11,2021-02-01
U01681,organic,2,3,24,24,11,2,42.93,2021-02-02
U01682,referral,4,3,30,158,19,3,23.27,2021-03-27
U01683,organic,3,3,9,137,11,3,35.19,2021-01-11
U01684,(direct),2,3,17,122,6,4,23.06,2021-01-29
U01685,referral,4,3,43,110,5,3,28.95,2021-01-20
U01686,organic,3,1,8,21,4,4,70.94,2021-01-22
U01687,referral,2,3,21,40,18,3,76.49,2021-03-13
U01688,referral,3,2,44,70,13,1,60.61,2021-03-27
U01689,cpc,5,3,39,20,0,1,63.91,2021-01-15
U01690,(direct),2,2,35,28,23,4,63.89,2021-02-04
U01691,(direct),5,2,20,132,10,3,27.4,2021-03-21
U01692,cpc,2,2,38,40,22,1,22.83,2021-02-03
U01693,referral,5,2,36,99,21,3,61.9,2021-01-20
U01694,organic,1,2,37,159,3,4,22.25,2021-03-18
U01695,organic,5,1,12,56,20,3,68.71,2021-02-25
U01696,referral,1,2,34,110,13,2,55.47,2021-02-20
U01697,organic,3,2,7,90,20,4,26.81,2021-03-18
U01698,organic,4,2,21,129,17,4,59.56,2021-03-26
U01699,(direct),4,1,28,123,5,2,56.38,2021-02-19
U01700,<Other>,4,3,20,128,4,3,42.58,2021-01-30
U01701,referral,1,2,24,23,16,1,69.06,2021-01-25
U01702,organic,4,1,14,159,6,4,38.28,2021-03-15
U01703,referral,4,1,28,86,10,4,42.67,2021-03-12
U01704,organic,5,1,11,23,13,1,61.8,2021-01-04
U01705,organic,4,3,24,34,1,3,65.12,2021-03-04
U01706,organic,1,1,17,56,21,1,36.41,2021-01-22
U01707,organic,5,2,33,156,16,3,21.01,2021-02-26
U01708,referral,1,2,14,33,1,2,30.58,2021-02-23
U01709,organic,2,2,13,142,14,1,35.79,2021-01-04
U01710,organic,4,3,11,130,6,4,74.3,2021-03-06
U01711,organic,1,1,37,145,2,1,73.62,2021-02-17
U01712,referral,1,2,28,101,22,4,59.64,2021-01-23
U01713,<Other>,5,2,20,69,5,2,62.56,2021-01-23
U01714,referral,2,2,36,97,20,3,57.28,2021-01-06
U01715,referral,2,3,8,44,8,4,66.75,2021-03-10
U01716,cpc,4,2,18,58,9,1,41.07,2021-03-05
U01717,referral,3,1,33,45,20,2,52.8,2021-03-28
U01718,organic,3,1,26,79,20,4,60.24,2021-03-12
U01719,<Other>,5,3,27,71,7,1,48.11,2021-01-05
U01720,<Other>,4,3,30,89,6,2,66.36,2021-02-02
U01721,organic,5,3,30,67,0,1,75.96,2021-01-26
U01722,(direct),4,1,26,73,9,3,59.83,2021-02-28
U01723,(direct),2,3,7,134,17,4,24.48,2021-03-26
U01724,<Other>,3,3,21,135,15,1,56.61,2021-02-03
U01725,referral,1,1,18,148,3,2,61.78,2021-01-26
U01726,<Other>,3,2,34,133,8,3,37.0,2021-03-15
U01727,referral,4,3,17,40,22,1,39.31,2021-03-07
U01728,organic,3,2,30,129,17,4,55.72,2021-01-20
U01729,<Other>,1,2,44,91,10,2,62.43,2021-01-14
U01730,organic,2,2,36,37,11,2,72.29,2021-03-12
U01731,organic,2,2,38,34,7,3,65.75,2021-03-15
U01732,<Other>,4,3,27,61,0,1,28.04,2021-01-08
U01733,<Other>,3,3,38,39,7,3,40.89,2021-02-27
U01734,<Other>,4,3,16,35,4,2,28.93,2021-01-01
U01735,<Other>,3,1,27,154,0,4,65.42,2021-01-31
U01736,referral,5,1,32,114,2,2,35.99,2021-01-08
U01737,referral,4,2,23,112,12,1,27.41,2021-03-21
U01738,(direct),3,1,38,100,15,2,25.77,2021-03-24
U01739,organic,5,2,12,152,22,4,26.87,2021-03-31
U01740,<Other>,4,2,38,97,11,4,34.83,2021-03-01
U01741,referral,2,3,20,114,6,3,66.94,2021-03-03
U01742,(direct),5,3,11,83,7,2,34.26,2021-01-10
U01743,referral,4,1,31,45,10,1,36.88,2021-01-18
U01744,organic,1,3,24,96,12,4,72.84,2021-03-07
U01745,<Other>,2,1,39,77,10,4,46.54,2021-03-07
U01746,referral,5,3,21,115,3,1,50.53,2021-02-21
U01747,organic,3,3,32,66,5,2,20.16,2021-03-08
U01748,organic,1,1,12,90,22,4,24.93,2021-03-29
U01749,referral,3,2,8,142,23,3,64.44,2021-01-09
U01750,organic,1,1,37,65,18,4,40.01,2021-02-17
U01751,<Other>,4,3,26,27,20,1,28.97,2021-03-01
U01752,organic,4,2,35,21,7,2,45.73,2021-03-19
U01753,referral,3,3,5,55,5,4,22.71,2021-02-21
U01754,organic,3,3,18,107,16,4,62.56,2021-02-12
U01755,organic,3,3,11,138,17,2,24.81,2021-03-16
U01756,organic,5,2,12,61,2,2,23.29,2021-02-19
U01757,referral,2,3,12,121,11,3,45.18,2021-03-29
U01758,referral,3,1,28,158,14,4,55.22,2021-01-14
U01759,referral,4,1,5,78,6,3,65.83,2021-01-18
U01760,<Other>,4,1,39,68,12,3,24.26,2021-03-18
U01761,referral,3,2,12,123,9,1,40.09,2021-02-03
U01762,<Other>,3,1,9,147,18,4,36.11,2021-03-24
U01763,organic,4,3,36,93,8,2,64.63,2021-02-10
U01764,referral,5,2,5,49,11,3,42.17,2021-03-16
U01765,organic,1,3,6,47,10,1,57.67,2021-02-18
U01766,organic,4,3,19,112,23,1,49.36,2021-03-31
U01767,organic,1,3,13,46,7,4,54.18,2021-03-10
U01768,organic,3,1,16,146,8,1,41.94,2021-03-26
U01769,<Other>,2,1,14,117,3,1,34.36,2021-01-09
U01770,referral,3,2,28,71,19,4,23.58,2021-02-17
U01771,(direct),3,2,23,63,4,3,30.41,2021-01-12
U01772,<Other>,3,1,21,151,6,1,30.36,2021-03-06
U01773,(direct),4,1,6,67,8,3,76.09,2021-01-14
U01774,organic,4,3,14,117,3,3,76.24,2021-03-05
U01775,referral,2,1,9,35,22,3,35.35,2021-01-26
U01776,organic,1,3,43,66,11,2,26.34,2021-01-07
U01777,(direct),1,1,10,129,11,4,36.9,2021-02-24
U01778,organic,1,3,6,94,5,4,67.79,2021-02-28
U01779,organic,3,1,12,34,12,3,72.25,2021-03-21
U01780,organic,2,1,8,121,8,1,50.07,2021-03-20
U01781,referral,3,2,35,113,8,2,52.41,2021-02-25
U01782,referral,2,2,40,148,20,2,47.52,2021-03-09
U01783,referral,5,3,12,83,2,4,30.97,2021-01-30
U01784,<Other>,4,2,35,111,12,2,22.99,2021-01-23
U01785,referral,3,2,21,62,5,3,57.28,2021-03-27
U01786,referral,5,1,44,33,17,3,67.92,2021-03-20
U01787,organic,1,3,18,87,22,4,64.96,2021-01-17
U01788,cpc,5,2,12,33,13,4,74.02,2021-01-02
U01789,organic,4,2,29,111,22,2,68.82,2021-03-13
U01790,referral,4,1,18,157,1,1,37.25,2021-03-11
U01791,<Other>,4,1,27,36,5,2,27.01,2021-02-08
U01792,referral,5,1,21,155,19,4,45.84,2021-02-17
U01793,organic,1,3,16,21,6,3,40.9,2021-01-05
U01794,<Other>,3,1,24,84,7,3,63.71,2021-01-21
U01795,organic,1,3,38,138,9,1,24.08,2021-02-19
U01796,referral,2,1,15,118,12,1,76.58,2021-01-20
U01797,referral,2,2,31,126,0,2,77.43,2021-03-12
U01798,cpc,3,3,13,136,4,3,25.3,2021-03-20
U01799,organic,4,1,22,28,1,2,46.04,2021-03-14
U01800,<Other>,3,1,42,93,3,1,73.95,2021-01-27
U01801,organic,5,2,40,41,23,4,31.24,2021-01-02
U01802,organic,4,2,32,35,11,2,61.53,2021-02-16
U01803,referral,3,2,24,113,4,2,62.67,2021-02-09
U01804,organic,3,1,33,105,23,3,34.02,2021-03-30
U01805,organic,5,2,8,51,14,3,20.37,2021-02-05
U01806,organic,5,2,19,30,9,3,59.87,2021-03-12
U01807,referral,1,3,32,39,16,2,57.04,2021-01-13
U01808,<Other>,2,3,44,103,13,3,58.98,2021-03-25
U01809,organic,3,3,28,86,6,3,29.39,2021-01-22
U01810,organic,1,1,41,63,21,1,56.22,2021-01-18
U01811,<Other>,4,3,20,114,1,3,52.5,2021-03-16
U01812,referral,4,1,26,125,22,4,47.15,2021-01-06
U01813,organic,2,2,21,154,2,1,66.62,2021-03-09
U01814,referral,4,1,5,113,3,2,43.3,2021-03-08
U01815,organic,2,1,35,73,15,2,41.2,2021-02-21
U01816,<Other>,4,2,29,101,15,3,52.46,2021-03-11
U01817,organic,4,3,16,32,21,4,76.65,2021-03-20
U01818,referral,3,3,24,52,2,1,40.66,2021-01-03
U01819,organic,5,3,23,154,16,3,46.72,2021-01-17
U01820,organic,3,2,9,30,16,1,35.98,2021-03-27
U01821,organic,1,1,19,89,21,3,60.78,2021-03-07
U01822,referral,5,2,29,40,19,1,41.85,2021-02-26
U01823,referral,3,2,39,51,6,1,61.56,2021-03-21
U01824,referral,5,2,7,152,7,2,28.74,2021-01-22
U01825,<Other>,5,2,22,125,18,1,35.83,2021-01-11
U01826,<Other>,5,1,26,112,6,4,32.38,2021-02-05
U01827,referral,4,3,20,54,0,2,66.64,2021-02-22
U01828,organic,5,3,19,66,15,3,25.37,2021-03-17
U01829,organic,4,2,9,31,17,3,35.12,2021-02-09
U01830,organic,5,1,17,56,7,1,50.44,2021-02-04
U01831,organic,4,2,32,63,6,2,25.27,2021-02-12
U01832,(direct),5,1,14,41,9,2,20.66,2021-02-14
U01833,<Other>,1,2,20,158,1,3,61.47,2021-02-10
U01834,organic,3,3,6,106,14,4,56.81,2021-03-05
U01835,referral,5,3,40,74,13,4,20.5,2021-01-15
U01836,cpc,1,2,29,29,1,2,22.91,2021-02-13
U01837,referral,3,3,9,136,6,2,33.16,2021-02-11
U01838,organic,2,2,32,99,22,3,74.37,2021-02-28
U01839,organic,5,1,21,95,21,2,59.16,2021-03-26
U01840,organic,2,1,6,107,11,3,68.3,2021-01-04
U01841,<Other>,3,1,19,116,4,4,65.57,2021-03-12
U01842,organic,3,1,42,37,5,2,78.98,2021-01-29
U01843,<Other>,5,2,33,130,15,4,77.01,2021-02-10
U01844,referral,1,3,27,104,11,4,24.04,2021-01-06
U01845,<Other>,5,1,22,84,8,1,21.36,2021-02-08
U01846,organic,1,3,18,142,19,3,49.82,2021-03-22
U01847,<Other>,5,2,36,127,11,3,36.3,2021-03-07
U01848,<Other>,1,3,10,142,9,3,50.27,2021-03-22
U01849,organic,4,3,32,50,16,1,25.44,2021-01-27
U01850,organic,1,3,22,108,23,3,74.53,2021-01-07
U01851,(direct),1,2,39,132,10,1,66.45,2021-01-11
U01852,organic,3,2,42,37,17,2,53.13,2021-03-31
U01853,cpc,2,2,8,89,3,1,47.9,2021-02-01
U01854,<Other>,5,3,35,26,2,4,48.11,2021-03-28
U01855,organic,3,1,15,20,18,3,56.99,2021-02-20
U01856,<Other>,2,1,15,121,5,1,52.72,2021-02-09
U01857,organic,3,3,33,118,22,1,48.93,2021-01-07
U01858,organic,3,1,23,106,7,1,60.76,2021-01-01
U01859,referral,5,1,21,99,6,1,65.9,2021-01-25
U01860,<Other>,4,3,8,78,14,2,58.58,2021-01-06
U01861,referral,3,2,8,53,11,2,43.48,2021-01-16
U01862,<Other>,5,1,16,158,14,2,44.86,2021-01-15
U01863,organic,1,2,11,27,8,3,25.91,2021-01-22
U01864,cpc,2,1,25,107,1,1,44.87,2021-01-18
U01865,organic,5,3,37,72,19,2,67.15,2021-02-19
U01866,organic,4,3,41,47,14,3,23.99,2021-03-13
U01867,referral,5,2,16,109,17,4,30.53,2021-01-10
U01868,organic,5,2,11,76,12,4,70.56,2021-02-18
U01869,organic,1,2,19,56,15,3,54.08,2021-03-11
U01870,<Other>,2,2,41,21,14,1,60.27,2021-01-10
U01871,(direct),2,3,13,53,10,1,39.29,2021-02-08
U01872,organic,4,3,37,77,2,4,49.33,2021-02-27
U01873,referral,2,3,42,92,9,1,65.69,2021-03-12
U01874,organic,1,2,20,127,16,1,72.56,2021-02-11
U01875,<Other>,4,3,35,136,7,1,78.45,2021-02-14
U01876,referral,1,3,19,135,4,1,71.06,2021-01-28
U01877,referral,1,1,6,133,20,2,24.05,2021-03-30
U01878,referral,5,1,17,49,7,2,40.6,2021-03-14
U01879,organic,5,1,9,102,14,1,64.93,2021-01-05
U01880,organic,5,2,37,126,10,3,45.08,2021-02-26
U01881,referral,3,2,36,78,8,2,46.18,2021-03-21
U01882,(direct),1,3,25,139,1,1,67.66,2021-01-29
U01883,<Other>,2,3,6,94,6,2,70.01,2021-02-24
U01884,<Other>,4,2,40,112,15,3,67.48,2021-01-23
U01885,organic,3,1,37,107,6,3,41.28,2021-02-26
U01886,(direct),5,3,15,102,3,2,33.68,2021-01-18
U01887,cpc,3,1,27,74,4,1,41.52,2021-01-26
U01888,organic,3,3,42,152,13,1,62.08,2021-01-05
U01889,<Other>,1,1,37,76,21,4,41.88,2021-01-08
U01890,<Other>,1,3,44,72,6,1,23.32,2021-01-19
U01891,cpc,2,1,12,20,12,3,68.05,2021-01-28
U01892,cpc,4,1,40,79,17,3,23.81,2021-03-09
U01893,<Other>,4,2,40,95,9,3,79.77,2021-03-25
U01894,(direct),5,3,37,65,1,4,71.69,2021-02-19
U01895,organic,2,1,33,23,12,4,77.38,2021-03-27
U01896,(direct),4,2,35,34,1,4,70.0,2021-03-17
U01897,<Other>,3,3,34,100,14,3,26.06,2021-03-06
U01898,referral,3,2,12,135,4,2,45.13,2021-01-08
U01899,organic,4,1,30,31,21,1,74.48,2021-03-01
U01900,referral,3,3,27,20,10,1,25.45,2021-02-27
U01901,<Other>,3,1,30,96,5,2,38.31,2021-01-27
U01902,referral,5,1,42,49,18,2,48.03,2021-03-26
U01903,organic,3,2,43,153,14,1,46.99,2021-02-02
U01904,organic,4,1,6,92,3,1,76.63,2021-02-15
U01905,(direct),1,3,30,69,6,4,43.71,2021-02-06
U01906,<Other>,3,2,22,149,22,4,34.34,2021-03-10
U01907,organic,4,1,31,25,21,2,46.7,2021-01-15
U01908,referral,3,1,21,94,16,2,43.76,2021-03-08
U01909,(direct),2,1,19,109,9,3,57.4,2021-01-28
U01910,organic,5,2,11,111,21,2,79.65,2021-03-04
U01911,organic,1,3,21,96,16,2,53.09,2021-01-03
U01912,cpc,3,2,23,95,10,3,47.73,2021-02-21
U01913,referral,4,1,31,102,20,1,55.63,2021-02-13
U01914,organic,1,2,44,37,21,4,78.79,2021-03-01
U01915,(direct),3,1,21,31,15,3,57.49,2021-02-27
U01916,referral,2,2,36,71,6,2,27.38,2021-01-14
U01917,referral,4,1,20,106,7,2,74.76,2021-01-06
U01918,referral,5,2,34,119,15,1,55.45,2021-01-19
U01919,cpc,3,1,18,41,15,4,29.49,2021-03-03
U01920,referral,4,1,22,121,21,4,33.83,2021-01-05
U01921,referral,3,2,26,81,22,4,27.23,2021-02-18
U01922,referral,5,2,20,61,3,4,77.65,2021-02-20
U01923,referral,2,1,20,86,6,1,24.25,2021-01-26
U01924,<Other>,5,3,30,156,16,3,65.87,2021-02-25
U01925,<Other>,5,1,10,113,2,1,40.26,2021-01-18
U01926,<Other>,5,1,11,141,16,2,24.87,2021-02-14
U01927,organic,1,3,13,114,10,1,46.03,2021-03-23
U01928,organic,4,1,30,146,7,2,20.02,2021-01-09
U01929,<Other>,3,2,6,41,18,1,69.04,2021-03-31
U01930,organic,2,2,40,73,6,4,52.51,2021-01-02
U01931,organic,3,3,7,144,17,4,47.1,2021-02-11
U01932,referral,1,1,25,77,20,3,69.75,2021-03-11
U01933,<Other>,2,2,7,118,14,4,51.16,2021-03-25
U01934,<Other>,1,1,13,38,18,1,55.72,2021-03-13
U01935,referral,3,3,16,41,2,2,68.89,2021-03-09
U01936,(direct),2,2,12,142,15,3,63.23,2021-03-30
U01937,cpc,3,3,41,75,14,3,59.54,2021-01-31
U01938,referral,4,1,25,61,4,1,62.25,2021-01-19
U01939,organic,1,1,41,85,13,1,35.78,2021-03-12
U01940,referral,4,1,44,53,23,4,27.03,2021-02-16
U01941,<Other>,4,3,7,48,1,4,57.36,2021-02-06
U01942,organic,3,2,25,55,3,4,33.44,2021-03-22
U01943,referral,3,3,30,137,19,3,22.86,2021-01-19
U01944,(direct),5,2,28,28,12,3,35.26,2021-03-30
U01945,organic,5,1,38,104,15,2,63.22,2021-01-25
U01946,organic,2,1,36,61,11,3,62.51,2021-02-22
U01947,<Other>,3,3,31,86,4,4,74.2,2021-03-16
U01948,organic,1,2,34,26,21,3,60.51,2021-01-04
U01949,referral,3,1,8,42,20,3,46.38,2021-02-15
U01950,organic,3,1,6,42,11,3,35.63,2021-01-31
U01951,cpc,4,3,27,35,7,2,65.5,2021-02-05
U01952,organic,4,3,8,88,4,3,44.72,2021-01-04
U01953,organic,5,2,41,32,2,2,68.93,2021-01-02
U01954,organic,2,1,15,29,21,3,71.1,2021-02-08
U01955,organic,2,2,40,78,12,2,41.09,2021-02-13
U01956,referral,3,2,40,21,3,4,40.63,2021-03-31
U01957,organic,1,2,19,148,20,2,74.82,2021-01-19
U01958,referral,4,3,41,73,7,1,43.84,2021-02-10
U01959,organic,1,2,7,38,3,2,62.41,2021-02-07
U01960,<Other>,4,2,34,116,6,2,42.67,2021-03-15
U01961,(direct),3,2,27,47,2,4,63.88,2021-03-06
U01962,organic,2,3,37,152,3,2,30.42,2021-02-04
U01963,referral,3,3,5,95,23,4,70.15,2021-01-11
U01964,referral,4,1,5,38,7,4,78.99,2021-02-28
U01965,<Other>,2,3,7,123,12,4,65.95,2021-03-19
U01966,(direct),1,3,13,61,12,1,41.55,2021-03-11
U01967,cpc,1,2,36,54,8,2,53.31,2021-02-12
U01968,organic,5,1,17,28,19,1,60.18,2021-03-30
U01969,cpc,1,3,35,58,19,4,31.57,2021-03-28
U01970,referral,5,1,25,57,4,2,36.97,2021-01-05
U01971,organic,2,2,27,34,13,4,68.11,2021-01-26
U01972,organic,3,3,17,128,4,2,76.72,2021-03-23
U01973,referral,3,2,30,109,2,2,36.34,2021-02-01
U01974,<Other>,2,2,29,144,0,2,28.85,2021-02-16
U01975,<Other>,2,1,12,79,9,3,78.9,2021-02-25
U01976,referral,4,3,44,81,14,3,39.2,2021-03-26
U01977,(direct),1,1,34,50,16,3,66.71,2021-03-31
U01978,cpc,1,2,9,49,11,2,42.74,2021-02-19
U01979,referral,1,3,28,85,13,4,76.94,2021-03-15
U01980,<Other>,5,2,14,26,23,4,55.97,2021-02-27
U01981,organic,1,1,23,131,3,3,44.91,2021-01-28
U01982,organic,4,1,39,122,10,1,30.7,2021-03-20
U01983,(direct),3,2,26,130,14,2,35.33,2021-02-24
U01984,(direct),3,1,43,57,13,4,71.42,2021-02-27
U01985,<Other>,5,1,42,156,17,4,23.42,2021-02-09
U01986,organic,4,2,11,105,21,3,29.41,2021-02-27
U01987,referral,2,3,43,153,8,1,31.56,2021-03-13
U01988,referral,3,3,24,98,14,1,24.24,2021-02-15
U01989,organic,4,3,44,49,20,2,61.14,2021-03-15
U01990,referral,2,2,36,37,2,4,78.88,2021-02-14
U01991,referral,5,2,6,107,19,2,28.35,2021-01-10
U01992,organic,1,1,19,114,12,1,67.94,2021-03-23
U01993,(direct),4,3,14,37,1,1,30.59,2021-02-17
U01994,referral,3,1,25,80,14,2,78.43,2021-03-03
U01995,referral,5,2,19,101,13,1,50.42,2021-01-28
U01996,referral,4,3,38,97,6,3,70.85,2021-01-20
U01997,<Other>,5,2,39,154,3,3,30.23,2021-03-29
U01998,referral,2,1,9,154,3,1,73.12,2021-03-11
U01999,referral,4,1,23,84,23,4,24.9,2021-02-10
U02000,organic,1,2,11,59,9,1,21.37,2021-01-06
